brand,events,views,carts,purchases,users_chunk_sum,revenue,avg_price
a-case,48419,46744,1326,349,33203,2123.3,11.391532094698178
a-derma,1346,1285,54,7,608,107.81,13.666482723214612
a-elita,1200,1170,23,7,784,121.22999999999999,42.21253234867987
a-mega,1535,1478,34,23,791,2074.0,87.7274579638216
aardwolf,1350,1294,41,15,631,497.69,41.421057398245374
abaybooks,103,101,1,1,99,5.12,5.12
abhika,504,503,1,0,315,0.0,417.1153882622008
abk,197,190,1,6,139,69.36,11.56
abris,17,15,1,1,9,14.44,14.44
absolutechampion,868,815,46,7,559,552.15,32.93421153138457
absolutenewyork,7,7,0,0,7,0.0,1.67
abtoys,1856,1806,31,19,1229,879.8900000000001,37.10584258877699
abugarcia,175,175,0,0,66,0.0,260.2931583261183
academie,233,222,9,2,125,19.53,14.049207885730114
accoona,1,1,0,0,1,0.0,38.15
accord,560,560,0,0,422,0.0,38.119357864357866
accumaster,71,71,0,0,49,0.0,95.15153846153846
acd,428,413,13,2,241,3.4699999999999998,5.0300633530651595
acebeam,55,55,0,0,35,0.0,178.19326666666666
acer,1669408,1602525,47339,19544,483486,10267659.37,628.4064348536048
aces,929,927,1,1,656,86.49,208.31096725397617
achilles,5296,4948,258,90,3222,5435.37,58.45812646666177
acm,3197,3100,73,24,1885,627.7900000000001,29.28909043185934
acme,65359,63457,1384,518,36786,24525.64,47.28346083129325
acnecontrolprofessional,33,33,0,0,24,0.0,8.88
acorp,44,44,0,0,30,0.0,32.73428571428571
acqua,640,592,35,13,376,38.48,3.522682261208577
acron,221,205,10,6,154,92.51,15.230673934837093
action,54,54,0,0,40,0.0,31.357142857142858
actiontrack,998,955,31,12,645,314.98,24.54630786974805
activision,25535,25135,296,104,17351,5263.3,54.005362063290036
acuvue,7867,7571,221,75,3844,1722.22,23.19298401704976
acv,6066,5937,96,33,4006,2053.91,78.27887040856612
acvilagrup,15,15,0,0,13,0.0,81.776
adagio,1940,1850,67,23,996,2558.64,105.15165104861197
adam,273,262,10,1,173,589.46,602.0873310810811
adamas,20650,19823,562,265,14978,33304.59,137.6143428144564
adamex,25264,24774,348,142,9755,57198.3,403.1502752821277
adata,29757,27952,1379,426,13118,24680.4,94.5039556682417
addlink,252,244,7,1,136,5.89,7.458076741440377
adel,1609,1585,24,0,846,0.0,41.159861103588916
adelline,3102,2993,84,25,2005,271.02,17.990909629375675
adenandanais,78,76,1,1,63,59.44,60.420475925925935
adidas,98479,96717,1269,493,51168,29611.55,83.93389755109334
adil,54952,52368,1901,683,27020,76562.38,110.57036558863632
adile,5960,5811,64,85,3488,5871.8,163.0974023809889
adili,1406,1388,16,2,885,107.03,95.27657243830019
admarginem,50,50,0,0,44,0.0,26.532009803921568
admira,2855,2782,50,23,1575,3798.43,208.44295604194716
adriatica,24217,23853,257,107,9246,18872.68,230.97901641378104
adrilux,2,2,0,0,1,0.0,54.05
advan,1213,1158,43,12,840,4440.299999999999,409.20577039391435
aeg,9229,8918,157,154,5623,7483.0,97.37578611415594
aeolus,3459,3214,143,102,1787,18393.09,316.2347334098083
aero,16798,16384,289,125,8150,65829.39,556.6130520615116
aerocool,116271,111621,3403,1247,40934,90540.24,75.38564087929198
aeroforce,151391,146632,3431,1328,79041,191028.26,142.60835383713888
aerolajf,603,593,8,2,373,154.44,77.22
aerosystem,3302,3281,19,2,2304,2342.35,1479.6399577998488
afnan,12022,11637,267,118,4583,6403.95,52.31124318528078
afox,3055,3014,33,8,1928,970.46,117.82094485091275
ag,919,900,17,2,639,187.9,90.62433701191125
agatharuizdelaprada,6271,6204,56,11,3725,478.75,42.6081909007626
agidel,19,19,0,0,14,0.0,48.0625
agl,8486,8468,15,3,6767,343.65,114.55
agness,20248,19747,348,153,11269,4967.12,38.98680279329438
agrimotor,66,66,0,0,46,0.0,121.28139999999999
agu,4573,4452,94,27,2689,2194.95,76.71198507898652
aiken,641,634,4,3,347,600.56,167.7905571272863
aiko,15661,15024,499,138,5732,11316.68,93.11256203488219
aileron,2139,2106,29,4,1747,141.57,36.198014627472396
aimile,1048,1029,16,3,706,540.54,103.8347235941465
aimoto,96718,92437,3171,1110,31608,60970.49,55.474683742030464
ainibabe,11,11,0,0,10,0.0,22.590000000000003
air-cool,4955,4882,52,21,2787,326.99,21.13525478639376
airjordan,7081,6959,88,34,4891,4967.08,148.48642738670142
airline,6016,5962,43,11,4008,399.86,43.29249314368904
airmax,124,124,0,0,102,0.0,29.189814285714288
airrower,943,919,17,7,601,3014.25,565.7621663742434
airwheel,4439,4375,50,14,1934,4388.53,321.95951904288006
aist,775,744,25,6,500,841.74,124.49330270322181
aivengo,2668,2668,0,0,1794,0.0,42.500078746797016
ajmal,28,28,0,0,24,0.0,475.97
ajris-press,19,19,0,0,15,0.0,3.016
akademiagrupp,32,32,0,0,22,0.0,9.15
akai,8861,8656,120,85,4546,8611.84,97.48607906647105
akara,221,206,15,0,138,0.0,6.799064424314424
akciaeglo,7,7,0,0,6,0.0,89.58
akebono,30,30,0,0,21,0.0,29.397530303030297
akel,1019,995,19,5,602,329.22,66.09200454512458
akg,3714,3597,83,34,1980,6780.5,163.68385546386023
akku,43,42,1,0,37,0.0,111.38341346153847
akom,43475,40238,2251,986,15301,73410.43,74.79882487102002
akor,11,11,0,0,9,0.0,14.97
akpo,14867,14422,320,125,5141,17201.48,150.3438878461904
akro,147,145,1,1,89,72.85,70.62186274509803
aksina,24,23,1,0,20,0.0,13.6425
aksion,1286,1242,36,8,633,549.44,66.87863391145743
akva,547,535,10,2,272,700.46,353.53909090909093
akvafor,15915,14918,820,177,7341,24274.33,121.95720535736305
akvalinia,95,94,1,0,56,0.0,55.581199494949495
akvarel,1914,1890,20,4,1426,765.56,199.97025868495228
akvaton,19727,19574,118,35,8996,6775.59,202.08079495318077
akyoto,29,28,1,0,23,0.0,27.03
al-ko,3649,3588,43,18,2092,5675.22,387.5100081664188
aladen,93,93,0,0,76,0.0,67.96
alaia,221,213,5,3,121,173.76,62.33040914786967
alaskaoriginale,226,222,3,1,159,21.88,44.553108268666314
alavann,1044,1041,2,1,678,108.11,116.68739972869477
alba,1,1,0,0,1,0.0,100.13
albertocasiano,9000,8696,231,73,4779,4016.61,55.20938646154961
alca,6511,6439,53,19,3864,817.31,44.94677498138941
alcasta,9037,8833,146,58,6290,13130.29,209.60144110693383
alcon,8000,7713,232,55,3636,1030.2,19.252144727652965
alctron,1830,1799,22,9,1039,1660.02,103.7050993825031
aldit,194,194,0,0,151,0.0,1247.1792391304348
alerana,3380,3268,95,17,1846,141.21,8.2451833253771
alesis,30649,29706,632,311,15709,70267.73,217.49238888921525
aletant,228,228,0,0,164,0.0,125.85
aleteja,4,4,0,0,3,0.0,15.75
alex,438,438,0,0,399,0.0,552.65
alexandermcqueen,155,154,0,1,125,306.06,731.7770408622908
alexandre.j,730,702,16,12,457,1416.48,118.91781848739495
alexika,1706,1698,6,2,1023,701.03,293.2020568356709
alexrojo,2157,2110,37,10,1391,695.0,67.94854921921525
alfa,85,85,0,0,60,0.0,51.96532850241546
alfa-kniga,3,3,0,0,3,0.0,12.660000000000002
alfreddunhill,100,89,9,2,46,151.17,81.19827514367816
algotherm,2032,2004,23,5,1082,316.6,65.6897167579142
alienware,142,141,1,0,91,0.0,1333.5229411764706
alilo,5989,5755,160,74,3101,3451.26,47.32106821435925
alinapaint,219,217,2,0,167,0.0,15.405543892628781
alinex,739,729,10,0,398,0.0,5.16326199657111
alis,43582,42166,987,429,18877,41610.29,105.28855576015754
alisa,20,20,0,0,17,0.0,2.57
alissabeaute,100,99,1,0,69,0.0,25.581865889212825
alita,41,41,0,0,39,0.0,58.41
alkor,112836,109725,2225,886,51981,367878.51,541.8498010064728
alligator,7029,6924,71,34,4746,1355.48,41.41232222480068
allocacoc,929,899,21,9,443,83.11,10.502754310619144
allvega,1050,1043,5,2,636,159.6,99.88724129357537
almacom,126843,122116,3614,1113,49942,167873.8,174.28179755631916
almada,22209,21591,482,136,11288,23090.170000000002,171.55603326682484
almaks,7,7,0,0,7,0.0,30.094285714285714
almaty,32,32,0,0,28,0.0,15.39
alondra,195,194,1,0,141,0.0,51.47999999999999
alphaline,1939,1853,63,23,898,2061.05,88.60740442578557
alphard,59707,58147,990,570,23100,50324.36,88.70580483565517
alpicool,2869,2859,6,4,2168,2673.12,661.926207628008
alpika,1109,1102,3,4,712,633.24,186.54223514169922
alpina,16595,16397,148,50,9516,9213.380000000001,524.6587474343959
alpinapabliser,1586,1515,56,15,972,188.65,11.774420871647118
alpine,108204,105818,1527,859,47621,137906.3,218.56649670031607
alser,15499,15251,203,45,8218,27494.72,641.2227578181355
altacto,850,830,13,7,549,32.550000000000004,8.998784297646056
altair,3087,3015,59,13,1863,1700.15,120.86461470538201
altajsina,43,41,2,0,20,0.0,187.91
alteco,219702,210204,7181,2317,85333,125421.96,63.25087707186612
altenzo,9051,8592,361,98,5803,9048.710000000001,72.54567229498865
alterna,5574,5504,58,12,2928,1259.98,81.22438257507396
alternativa,29,29,0,0,22,0.0,58.709931972789114
altinbasak,1282,1266,14,2,867,77.32,37.388504030161734
alumet,1794,1726,51,17,672,972.48,59.13282036224531
alutec,6593,6486,85,22,4599,15913.4,740.3353386265468
alvarez,59,59,0,0,37,0.0,238.13094252873566
alvitek,19523,18861,455,207,10131,6353.1,30.543447757266563
am-pm,9,9,0,0,7,0.0,204.9157142857143
am.pm,4415,4357,43,15,2486,5651.17,451.44044851139796
amalbooks,1752,1604,107,41,1052,417.04,10.302239074677004
amarobaby,2847,2843,4,0,1982,0.0,53.7124335129436
amatis,2978,2929,37,12,2290,1177.06,167.37643543775388
amazfit,111884,105323,4888,1673,48685,147365.61000000002,99.94069355079482
amazon,21984,21592,285,107,9361,19740.11,221.86763446865046
ambition,3324,3287,21,16,2358,180.4,15.84106541352629
amd,91659,88996,2003,660,31299,119702.44,204.95189362146
amefa,2221,2162,46,13,1424,1426.23,70.03188049243315
amen,4253,4168,67,18,2204,821.97,41.90387776601172
amercook,16,16,0,0,13,0.0,62.10666666666666
americancrew,57,57,0,0,39,0.0,25.74
americanmotionfitness,3327,3204,94,29,1828,18584.18,1083.1470992845932
amet,62,62,0,0,43,0.0,59.88923232323232
amf,743,737,6,0,444,0.0,263.546874793791
amico,72,71,1,0,48,0.0,43.85666666666666
amigami,543,538,5,0,434,0.0,3.644545547719389
amistar,494,473,15,6,292,602.34,100.39
amos,1437,1417,12,8,733,2335.64,406.15631861662786
amouage,45302,45204,71,27,9165,7920.87,385.34109410746817
ampeg,168,167,1,0,120,0.0,892.5920955284553
ampm,54,54,0,0,44,0.0,141.3553015873016
ams,20806,20025,565,216,9876,48037.520000000004,225.10848572346504
amtel,5145,4700,341,104,2792,3924.4199999999996,43.47971600066233
anahickmann,522,505,13,4,342,584.5600000000001,143.4936504646828
anatomico,9,9,0,0,7,0.0,109.22833333333334
and,2,2,0,0,2,0.0,38.59
andeks,4884,4465,329,90,2397,7282.58,135.39261636032558
andrea,212,194,11,7,126,979.72,143.73285714285714
andreafontebasso,56,56,0,0,41,0.0,194.56420289855072
andrewfuchs,154,152,2,0,28,0.0,219.46899594594592
andromeda,246,242,4,0,166,0.0,24.427089830804118
anesi,66,66,0,0,45,0.0,16.86
anex,23018,22637,273,108,12480,65952.51,637.2251227197813
annaanna,27302,27056,207,39,18793,1956.7,49.87072196775026
annaite,1291,1096,151,44,624,2114.4,48.6303233109105
annalafarg,322,321,1,0,240,0.0,338.25166806106216
annalafargemily,78,78,0,0,43,0.0,313.6
annchery,1105,1022,62,21,245,1207.23,56.218985314534876
annovireverberi,1371,1347,20,4,797,1033.9,235.237823259775
anon,3260,3176,60,24,1440,2708.57,98.58053875153546
anreks,2358,2320,31,7,1664,699.74,273.883072767926
anskin,1663,1607,46,10,857,57.9,7.482676677373301
ansmann,10858,10662,139,57,6724,1557.82,30.681425420293152
ant,1788,1768,14,6,1120,1513.56,252.26000000000002
anta,13114,12931,126,57,9219,6857.16,118.66414246814472
antares,193,187,5,1,98,89.06,87.44896133379244
antec,27,27,0,0,18,0.0,63.68
antel,286,282,2,2,166,254.8,144.88817663562818
antika,1725,1675,38,12,1008,1042.23,85.31489587408693
antoniolavazza,119,119,0,0,87,0.0,200.16895833333334
anytek,31653,30968,474,211,16316,18155.559999999998,86.21386059745333
aoc,36724,35747,733,244,14864,69096.93,258.2842914958981
aoki,268,260,6,2,116,293.39,146.73836648583486
aolais,1680,1653,22,5,1187,167.3,33.46
aorus,2180,2132,36,12,1332,8710.32,642.7548565703263
aoteli,15081,14082,739,260,8728,12145.06,49.396112549950374
apacer,80731,75131,3898,1702,32633,70406.84999999999,41.84689696284869
apache,5482,5388,71,23,2705,5711.26,383.2545228784043
apart,1007,1006,1,0,660,0.0,174.0131509049212
apc,3228,3134,72,22,1590,1074.28,463.41545496780657
apcbyschneiderelectric,73,72,1,0,49,0.0,63.95636363636363
apex,1180,1169,10,1,685,48.45,54.97998358349912
aplus,16391,15184,990,217,9530,10418.44,56.349276043837335
apollo,22673,21834,627,212,12699,2982.11,20.678832917190114
apple,15976690,14254644,1203597,518449,4722316,396118468.6,822.417589987866
appollo,30131,29443,502,186,14136,21253.73,142.6203142276318
apriori,521,504,12,5,329,4245.950000000001,849.19
aqua,50575,47536,2379,660,18319,22573.079999999998,34.988654784885554
aquabeads,70,69,1,0,41,0.0,21.135
aquafruit,26,25,1,0,22,0.0,1.54
aqualife,428,426,1,1,343,98.29,111.42516508581753
aquamarine,29058,28308,476,274,15439,4968.37,29.851728544455625
aquanet,512,505,7,0,286,0.0,465.8005569153894
aquapick,7244,7043,153,48,3586,3949.34,83.01831080345137
aquarelle,15,15,0,0,13,0.0,135.99076923076922
aquatic,1501,1476,19,6,1144,70.26,33.756963656336
aquaton,82,82,0,0,63,0.0,113.36307692307693
aquaverso,56,56,0,0,32,0.0,97.9392
aquavis,1052,1040,11,1,629,271.91,271.89877805576174
aquilon,168,168,0,0,98,0.0,365.61498701298694
ara,2574,2528,31,15,1827,2106.81,122.59538859851662
arai,267,267,0,0,180,0.0,681.1980597826087
arba,1,1,0,0,1,0.0,1402.87
arcancilparis,149,143,4,2,95,19.4,8.997531225604996
arcodoro,8346,8197,113,36,3615,871.13,29.947501124003725
ardahali,11411,11138,210,63,4980,16365.68,339.6285778231354
ardell,1059,1050,7,2,807,21.34,30.417716824756912
ardesia,2404,2396,8,0,1612,0.0,988.451149153476
ardesto,4777,4348,318,111,2680,1546.29,14.799181391063152
ardo,48,48,0,0,34,0.0,93.68
ardoni,176,172,2,2,137,355.22,177.61
arena,5659,5591,53,15,3853,557.28,88.43189055685701
areol,372,367,4,1,198,27.58,188.07923677743824
arg,284000,260110,17207,6683,136372,752393.07,128.4440221306525
aria,5568,5338,156,74,2717,11397.95,163.0933709703462
ariete,4155,4102,32,21,2361,5694.2300000000005,183.21811589363946
ariston,251423,232403,14151,4869,70112,611170.79,152.55211987541375
ark,119,119,0,0,89,0.0,77.701875
arkade,199,199,0,0,174,0.0,82.37
arkadia,772,764,4,4,398,128.45,45.01292471497146
arktika,3393,3255,112,26,1698,976.6800000000001,30.687293335218854
armada,13,13,0,0,7,0.0,8.6
armandbasi,94,86,5,3,61,92.03999999999999,32.66972972972973
armani,77895,76287,1079,529,30038,134684.82,260.1415916255453
armos,576,546,17,13,252,4103.07,313.1401365224989
arms,306,304,2,0,231,0.0,292.8543837535014
armytek,18,18,0,0,14,0.0,67.96
arnica,101900,98217,2630,1053,40802,175247.98,141.0881931365177
arno,178,177,1,0,129,0.0,580.5574
aromir,135,130,5,0,80,0.0,18.175951770451768
arpenaz,1265,1253,0,12,789,125.47999999999999,12.831750704474828
arrivo,2804,2676,103,25,1899,2277.06,89.27130048069112
arsi,6381,6329,35,17,3225,952.15,50.20739514389335
arstisa,739,726,8,5,456,514.7,129.12073556841725
art-visage,5173,4948,184,41,2684,157.93,4.127394760877284
artel,1673085,1568719,77553,26813,522578,4698795.75,179.05214230544433
artelamp,70,70,0,0,48,0.0,56.53204341736695
arteolfatto,392,384,6,2,209,437.6,161.48038158528524
artiny,13,13,0,0,6,0.0,105.54
artmusical,43200,42109,738,353,20644,57704.75,215.13485880781926
artplays,29,29,0,0,15,0.0,141.55
artpostelka,13,13,0,0,9,0.0,56.660714285714285
artspace,52,52,0,0,44,0.0,66.20852941176472
arturia,420,420,0,0,308,0.0,341.1345390070922
artvisage,83,82,1,0,50,0.0,5.511
artway,1972,1909,54,9,1125,903.4799999999999,97.08701746108197
arua,37043,36380,459,204,16751,9192.949999999999,44.5706723658063
aruba,19,19,0,0,16,0.0,293.1857142857143
aruna,1436,1351,74,11,884,63.03,5.5109845469126215
arwanan,53,53,0,0,38,0.0,179.48
asb,29,29,0,0,22,0.0,81.3821052631579
ascoli,58,58,0,0,42,0.0,755.8521052631579
ascot,262,258,3,1,199,74.65,74.65
asel,201985,188306,10351,3328,59112,182774.9,57.427594231123365
ashleyfurniture,23,23,0,0,21,0.0,344.28
asics,50121,49533,430,158,30750,11883.63,73.42453123391185
asil,42,37,3,2,20,35.52,17.76
askona,117773,114436,2507,830,40265,146896.95,236.11040371536356
asm,88335,86262,1600,473,42702,231973.11000000002,512.4769906343421
asmrelaks,112,112,0,0,78,0.0,318.7272222222222
asrock,80986,78666,1680,640,30256,90283.17,145.36693767100274
ast,7370,6937,340,93,4515,599.39,8.31715637687532
astana,382,355,25,2,231,14.96,7.4799999999999995
aston,3005,2896,90,19,1635,216.07,11.760490012550735
astrid,171,171,0,0,141,0.0,36.44166666666667
asus,1112652,1081507,22784,8361,328896,4615903.35,627.2196572964657
asustor,671,661,8,2,387,754.2,487.4539405208698
asx,114,114,0,0,76,0.0,386.10999999999996
atelier,1284,1236,40,8,669,315.03,24.79782402304649
ateliero,40,40,0,0,23,0.0,15.091736842105263
aten,478,477,1,0,342,0.0,91.80646819196429
atkinsons,5,5,0,0,5,0.0,112.69000000000001
atlant,346036,332884,9972,3180,120104,839674.81,266.62603436374275
atlantic,36300,35139,875,286,16769,55398.99,217.91329861842866
atlantmf,4,4,0,0,4,0.0,131.69
atlas,17,16,0,1,10,80.76,82.10555555555555
atmosphera,396,393,3,0,307,0.0,28.66712248862249
atoll,22762,21232,1037,493,11769,62443.54,112.63274689610165
atomic,2177,2129,41,7,1012,1563.33,386.50778526356265
aton,47,47,0,0,34,0.0,84.00059907834101
atrai,1258,1249,4,5,903,598.45,119.69
ats,3748,3702,41,5,2615,3583.1,867.2492492050735
attikus,7,7,0,0,6,0.0,9.05
attribute,13074,12537,424,113,8345,2169.33,24.442879832762223
audac,915,902,11,2,659,190.48000000000002,81.66484757321167
audio-technica,16694,16118,438,138,7799,11118.87,102.45635521601835
audiotop,51,50,1,0,42,0.0,72.07
audison,10091,10007,37,47,6103,29588.21,467.6212771600514
aufine,1,1,0,0,1,0.0,298.59
augustinwelz,76,72,3,1,54,12.84,12.839999999999998
aula,473,463,9,1,292,16.71,24.465029586866123
auldey,53,53,0,0,43,0.0,34.77903225806452
auratic,1202,1197,5,0,899,0.0,70.34929852111432
aurora,15532,14757,642,133,6859,38101.89,238.85370209763786
ausini,11313,10835,385,93,5785,1382.62,14.901728648672986
author,6897,6770,99,28,3373,7887.45,374.98244563184124
autojet,608,579,21,8,322,499.35999999999996,68.73672678465326
autoline,17472,16769,507,196,7756,54753.65,271.6231946371592
autolite,65,62,3,0,44,0.0,7.216745098039216
autopower,646,627,12,7,395,877.28,107.32614482096663
autoprofi,10982,10752,139,91,6196,4302.17,47.78568748828643
autovirazh,4276,4206,57,13,2800,784.12,60.83982901756841
aux,332,332,0,0,215,0.0,1158.7356658456486
ava,9729,9588,72,69,5358,5021.25,193.7802412662889
avalon,42008,41543,322,143,20430,70100.58,545.6342222907996
avaloncarpet,633,629,3,1,418,109.39,84.30371576421646
avangardplast,10,10,0,0,10,0.0,66.975
avanta,244,234,8,2,162,23.759999999999998,12.073318218954247
avatar,17918,17399,321,198,9382,17244.05,85.13916101506878
avatyre,112,110,2,0,79,0.0,84.98207547169811
avel,3758,3648,82,28,2270,2315.32,106.5626886164579
avene,12853,12401,353,99,4291,1795.67,16.748826350400257
avengers,494,474,16,4,334,160.86,42.055511185783914
avermedia,266,262,2,2,197,217.26,102.84056455309396
avina,279,278,0,1,191,190.29,175.40521986607143
avionaut,14,13,1,0,7,0.0,99.87
avis,4719,4683,24,12,3001,1760.6399999999999,141.47000841678903
avitron,5,5,0,0,5,0.0,20.18
avizor,2595,2462,97,36,1408,238.44,6.143311894145537
avrora,252,250,2,0,161,0.0,140.95019588329933
avrorateksdizajn,29,29,0,0,23,0.0,23.72738095238095
avs,4398,4283,85,30,2390,1995.49,62.17399215808102
avtolider,261,248,11,2,165,215.7,107.85
avtotent,108,105,2,1,74,64.35,62.92185185185185
awei,25583,24440,855,288,11186,4945.7,17.045809499467588
axis,39972,38848,742,382,18469,51833.78,145.9470136013521
axper,22740,22311,291,138,15710,7269.16,72.06725076063717
aywiparts,41,41,0,0,24,0.0,15.699166666666667
azbuka,790,758,28,4,551,39.03,8.996904071565957
azbuka-attikus,42,40,1,1,31,7.05,7.878138888888889
azbukvarik,2006,1940,55,11,1315,65.27,5.983216728183724
azzaro,4151,3894,184,73,1878,3924.17,55.31746853213287
b-kids,37,37,0,0,29,0.0,45.83
babies,32,32,0,0,25,0.0,16.2605
babolat,2430,2349,67,14,949,783.04,61.38297101415125
baboo,2166,2060,80,26,1187,627.07,22.715118433100155
babor,15665,15261,290,114,5317,6770.81,53.34577623009254
baby,63,63,0,0,53,0.0,27.233474358974355
babyborn,495,469,19,7,284,612.8000000000001,86.66326551071984
babybotte,8385,8330,47,8,5383,259.46,35.938095063099645
babybrezza,31,30,1,0,20,0.0,360.37000000000006
babycare,1225,1156,47,22,858,916.74,41.67
babycarrier,345,339,6,0,213,0.0,240.91
babygo,2639,2604,25,10,1319,832.68,79.03774981413285
babyhit,1880,1864,11,5,1196,357.53,89.29654959783363
babykiss,4185,4144,22,19,2233,4118.59,213.49211355686532
babyline,3,3,0,0,3,0.0,4.35
babyliss,101923,97503,3158,1262,43771,79345.56999999999,62.873056379421
babylisspro,13290,12986,220,84,5310,6029.5,73.53272049670741
babylock,3073,3033,26,14,1839,22437.21,1611.3236923697532
babymoov,1335,1290,32,13,802,1585.64,129.7273285038524
babyono,2004,1949,37,18,1395,480.95,29.67087919502241
babys,5255,5056,146,53,2540,2304.75,43.41803461058175
babysinq,197,196,1,0,123,0.0,136.43
babyswing,21411,20282,812,317,10826,26042.52,82.1060829615201
babytime,51056,49389,1145,522,19732,32173.03,62.346502639301356
babywood,973,966,6,1,704,347.73,351.44153846153847
babyzen,18252,17423,522,307,8385,148573.46,498.9014574743757
babyzz,4302,4252,43,7,2463,1496.04,236.95811202975054
badboy,92,92,0,0,80,0.0,86.48679874213838
baden,535662,523253,9242,3167,227141,209847.04,67.47638596871356
badlandgames,11035,9787,974,274,6075,15013.23,57.18362395339764
bafang,5241,5231,6,4,3496,6114.76,1515.057455750801
bagdanoviceskijfarforyvyjzavod,451,449,2,0,336,0.0,64.1645267489712
bagira,17,16,1,0,9,0.0,23.17
baige,1281,1272,5,4,932,5148.12,1308.2410563380283
bair,3449,3383,47,19,1455,2241.96,121.88165470395559
bakugan,1622,1567,50,5,856,440.15,87.99044332640148
baldessarini,1772,1694,56,22,836,1227.11,55.52958201973357
balenciaga,74,74,0,0,55,0.0,228.83
ballarini,3411,3236,128,47,1749,1597.35,39.73482953295585
ballist-x,93,91,1,1,56,15.42,21.5625
ballistix,675,654,15,6,422,552.58,99.95347831728385
ballu,123408,117766,4147,1495,41798,75259.81999999999,57.62227448461
balmain,3135,3117,13,5,2028,1933.64,388.322374303671
balta,42475,41986,323,166,16256,12113.960000000001,73.65202637569686
baltekstil,58902,56891,1583,428,22583,43855.659999999996,114.07403287124399
balterio,898,869,28,1,419,16.39,10.963939437494062
baltgaz,420,403,13,4,215,1260.26,314.1990062111801
bambi,214,213,0,1,103,123.04,123.04
bambini,6418,6290,90,38,3268,4572.59,116.98126544533429
bambola,30984,29923,738,323,14030,15132.28,52.049722827783086
bamboo,166,164,0,2,124,178.12,89.06
banbao,1959,1926,27,6,1417,217.68,22.980003105707777
bandai,700,686,11,3,485,45.56,23.8005150263749
bandainamco,263,262,1,0,225,0.0,62.94974747474747
bandainamcoentertainment,392,371,18,3,296,189.18,63.06
banquet,47,46,1,0,35,0.0,24.71
baratto,4709,4637,54,18,2962,1460.53,71.345883645486
barbie,27458,26923,422,113,12390,4046.27,42.16312410651713
bardahl,18709,17895,614,200,9333,5311.29,26.80210667838542
barer,2871,2720,113,38,1554,412.79,13.679743026146657
barettoni,254,253,1,0,199,0.0,178.24725581906017
barhatnyjsezon,29,29,0,0,21,0.0,40.82857142857143
barmila,1039,1026,10,3,635,34.550000000000004,9.00905516468268
barneo,24403,23686,497,220,11852,15504.119999999999,69.47430849598996
barokko,5658,5531,95,32,3669,389.69,11.945468094649346
baroque,772,765,5,2,519,1694.6,635.1457898077111
barretoni,60,60,0,0,50,0.0,180.18
bars,113147,103511,6626,3010,39783,184532.09,61.48855678035332
bartek,25806,25003,624,179,11853,12484.05,69.30937319640553
bartplast,145,145,0,0,97,0.0,231.64
barty,4378,4132,189,57,2505,9450.82,133.9659471796264
barum,73,73,0,0,52,0.0,77.22
basaran,2303,2271,28,4,1472,667.71,93.09739200027971
baseus,25,25,0,0,21,0.0,28.31
basf,357,330,27,0,221,0.0,11.19596831955923
basharan,1006,993,9,4,683,1845.48,442.2999943003039
basic,5123,5078,34,11,2501,4326.72,421.57675289430483
basik,6037,5886,120,31,3628,619.53,20.23880521966411
basilico,15,15,0,0,13,0.0,2.78
bata,154,151,2,1,124,64.35,64.35
batik,2519,2472,36,11,1599,54.54,5.423239369452293
batiste,38,38,0,0,29,0.0,7.685705128205128
batman,10,10,0,0,9,0.0,20.57
battat,156,154,2,0,117,0.0,32.283810126582274
battipav,6135,5900,176,59,2720,19296.79,296.14845452343036
baudet,1479,1457,18,4,869,409.48,102.62811670249893
bauer,38927,37224,1249,454,18979,32326.59,65.93528172338675
baum,1036,1011,22,3,655,217.24,71.56741615070987
baw,147,143,3,1,83,55.34,55.34000000000001
bayer,1700,1657,31,12,905,334.27000000000004,27.475376373033914
bayerdolls,1012,954,43,15,620,388.26,25.500487639000482
bayerlux,391,388,2,1,285,41.16,41.16
baymak,148,148,0,0,90,0.0,878.0170062358277
bazhou,1337,1337,0,0,821,0.0,440.6807224266218
bbk,9660,9276,259,125,4783,6925.12,64.27007798836335
bburago,16785,16380,300,105,9107,2311.54,23.257331880467312
bd,233,233,0,0,176,0.0,74.61558210784312
bdsmaschinengmbh,67,67,0,0,46,0.0,1679.2437523809524
beaba,153,147,4,2,114,290.6,87.94919391025643
beanzeez,25,25,0,0,23,0.0,15.7
beats,24276,23715,388,173,12301,43358.909999999996,258.40578742412606
beauraing,70,70,0,0,69,0.0,50.45
beautyblender,148,135,11,2,80,35.52,17.76
beautycreations,5374,4998,302,74,3214,730.53,9.175882592902905
beautyvisage,179,175,3,1,143,1.16,1.16
bebeconfort,33,33,0,0,26,0.0,20.49
becker,371,367,0,4,227,3487.86,952.7960531604535
beeline,9985,9001,768,216,4376,7726.7,43.284215849367776
befirst,104,100,4,0,46,0.0,11.58
behramhali,16,16,0,0,11,0.0,62.79757575757575
behringer,8886,8703,154,29,3697,6977.52,246.2345449925878
beijing,522,504,13,5,322,358.74,79.49309973751579
beisier,1359,1329,24,6,980,285.71999999999997,47.62
beko,750560,706743,31571,12246,284830,2874088.29,259.4685230450378
bekzatsport,1707,1659,33,15,838,2895.88,213.1815756948392
bel,36,35,0,1,25,8.03,8.03
bela,3347,3267,64,16,1775,248.14999999999998,16.463078793250954
belaakalitva,373,367,6,0,237,0.0,20.816540225350973
belashoff,18966,18521,342,103,7332,3212.58,35.80124532314896
belavtokomplekt,1,1,0,0,1,0.0,43.28
belcat,501,489,10,2,328,229.09,120.15585833353639
belecoo,184489,177385,4972,2132,58604,253617.73,124.34192116870987
belezza,28,28,0,0,22,0.0,19.378382352941177
belgia,156,155,1,0,127,0.0,52.64
belis,97,96,1,0,63,0.0,37.609817927170866
beliss,60,59,1,0,34,0.0,6.8365625
belissimo,2,2,0,0,1,0.0,59.1
belka,944,931,10,3,610,406.69000000000005,166.09858957928643
belkin,476,464,4,8,360,108.39999999999999,15.361337241497017
bella,498,487,10,1,370,1222.68,1222.68
bellamebel,7938,7776,124,38,4912,39554.32,1019.3125766089698
belletti,334,330,4,0,241,0.0,104.39320412331031
bellissimaimetec,1,1,0,0,1,0.0,87.44
belsina,44,44,0,0,32,0.0,47.98598639455782
belux,800,788,9,3,470,1048.1599999999999,567.6521771823044
belyjedinorog,4,4,0,0,4,0.0,9.4
bene,66533,64368,1636,529,33150,10966.86,19.326414414505404
benebaby,3594,3444,108,42,1954,4321.82,103.12057412398921
benq,1903,1892,10,1,1109,77.99,274.408590096368
bentley,1308,1259,31,18,718,2634.08,181.87044090928802
berber,1369,1359,8,2,915,33.6,16.113775253205
berdsk,29,28,1,0,22,0.0,27.87525396825397
bergamo,3,3,0,0,3,0.0,10.3
bergauf,131,131,0,0,63,0.0,5.169786294434732
berger,161,161,0,0,122,0.0,202.67972972972973
berghoff,75109,73349,1364,396,37076,27041.829999999998,78.60617849028321
bergner,43952,42866,811,275,25625,13060.12,40.46100141153574
berkley,1579,1556,18,5,838,74.82,14.965948577668486
berkut,10470,10380,59,31,5906,7786.61,226.65880966048186
berlinger,1487,1417,52,18,649,2176.07,117.51855957130884
berlingerhaus,10280,9568,504,208,5174,11565.3,40.11702490081648
bernina,34636,33258,982,396,11937,206505.49,672.4966179425644
berossi,153,153,0,0,108,0.0,36.640003685503686
bertoni,32784,31815,638,331,15595,19182.82,59.11713543129993
bertonilorelli,74,74,0,0,58,0.0,23.68
beru,51,50,1,0,32,0.0,3.09
besafe,563,540,16,7,248,1230.43,201.1807728746663
bessey,996,980,13,3,604,69.03,28.718059472961677
best,23,23,0,0,17,0.0,356.4024444444445
bestlife,356,344,6,6,211,75.43,14.143332611832612
bestoy,33777,30934,1907,936,17132,59072.659999999996,62.26148340453988
bestway,80226,78823,1073,330,34535,27421.06,227.3350726466594
besty,14465,13974,365,126,8211,1359.01,13.205024413258371
bethesda,7181,6977,158,46,4775,1090.93,24.165283675279724
betsy,3943,3942,0,1,2171,42.19,42.90927806406212
beurer,3630,3564,52,14,2213,992.89,76.1886797320332
beyblade,2041,1991,42,8,1140,453.9,52.525791782287726
beyerdynamic,8052,7712,247,93,3549,12271.55,138.16086299621688
beyonce,560,542,12,6,314,138.92000000000002,23.912742353279775
beyond,13133,12367,573,193,5449,2414.17,13.090555481707579
bfgoodrich,53691,51156,1985,550,29297,62345.44,133.67383391426065
bfsnowboards,341,315,18,8,203,3498.64,364.51228571428567
bfz,606,601,4,1,450,39.03,41.29992366412214
bibalina,5001,4782,178,41,3278,769.45,17.866265703858744
bielita,129,121,8,0,72,0.0,2.7589499458874456
biema,364,364,0,0,188,0.0,859.714809131525
biemmedue,584,581,3,0,426,0.0,173.47553228478392
big,73,70,2,1,57,2.96,35.89450638792102
bigben,573,566,4,3,462,141.55,51.50942973267608
bigdream,12,12,0,0,10,0.0,8.235555555555557
bigfigures,15,15,0,0,11,0.0,22.34
bigklever,23,21,2,0,16,0.0,2.04375
bildo,779,768,9,2,573,77.84,28.545267910435648
billi,673,661,9,3,478,23.35,7.691867854012086
binatone,395,391,3,1,253,153.26,149.30642013542013
bio-oil,431,426,3,2,286,30.57,10.11388679600628
bio-tekstil,340,332,6,2,165,57.46,23.576500130289766
bioderma,19785,19147,475,163,7179,2598.26,16.75919926316605
biography,107,107,0,0,75,0.0,49.16
biol,575,566,8,1,431,13.39,93.2305919435525
biolage,12,12,0,0,10,0.0,14.110000000000001
biolane,2183,2081,85,17,1150,112.86,7.073323249192835
bioline,3,3,0,0,3,0.0,9.65
biomecanics,9423,9295,98,30,5787,1613.13,50.89733545390549
bionime,629,587,30,12,336,242.88,20.24
biostar,2315,2291,11,13,1346,662.02,63.49779998696687
biotech,6241,6075,116,50,2952,2581.58,64.26286008304724
biotherm,927,899,24,4,400,129.29,30.816828738849374
biovea,1038,1003,25,10,512,193.7,20.7836122663566
biovise,83,82,1,0,50,0.0,10.81
bioworld,1697,1627,60,10,895,30.64,3.519520181106966
birusa,15338,14241,874,223,6794,56253.2,237.27508854811302
bisou,2212,2112,92,8,1310,36.49,3.6287122194001635
bissell,4782,4692,68,22,2715,8170.98,388.0996689650789
biwec,6132,5965,130,37,3350,4085.93,174.54038943070938
bkf,442,426,15,1,292,346.16,346.3591473214286
blackberry,9427,9329,61,37,5192,11348.189999999999,219.01322985313192
blackbox,16282,15649,481,152,8695,16894.46,125.62415179199822
blackdecker,3398,3348,42,8,2083,331.42,39.47660708119247
blackmores,591,586,4,1,330,40.39,39.64282130770533
blackview,4,4,0,0,4,0.0,101.0325
blackvue,8044,7956,64,24,3917,9844.18,448.21577588826244
blam,5985,5954,22,9,3580,6284.6,911.8251363942582
blanco,3833,3796,30,7,2198,1267.92,218.31630736395053
blaster,839,803,26,10,403,308.62,30.99840648990948
blauberg,452,430,19,3,241,51.09,17.03
blaumann,574,564,6,4,418,172.47,48.17914137591235
blaupunkt,25189,24240,759,190,11637,56384.58,306.9909033041317
blenderbottle,1051,1028,12,11,610,254.09,23.31720455505911
blg,59,59,0,0,49,0.0,1601.267
blitz,10,10,0,0,9,0.0,12.87
bloomsbury,379,348,21,10,238,152.77,15.470154090354091
bluedio,1741,1688,42,11,783,429.62,60.781866777307805
blueseven,8953,8873,65,15,5483,687.5600000000001,46.28271762939357
bluesonic,1602,1589,9,4,1053,275.93,76.23836645939328
blumarine,1578,1498,63,17,735,622.6,33.15479283061972
blw,88,88,0,0,58,0.0,22.79443181818182
bmw,21988,20835,922,231,10595,16868.600000000002,93.0877755073377
boarteks,1130,1116,12,2,674,63.150000000000006,31.17247885012783
boccia,59104,58019,769,316,23070,36497.72,179.7255792321457
bochetti,6608,6447,122,39,3710,4575.03,120.11182346348058
body-solid,987,984,3,0,807,0.0,397.2812795275591
bodykraft,8,8,0,0,7,0.0,54.03000000000001
bodysculpture,30385,28982,1082,321,13935,99415.61,277.81038580705956
bodysolid,276,274,2,0,216,0.0,283.95576906482324
bogates,179,175,3,1,122,56.63,74.78445918066608
bohemia,23132,22915,176,41,11460,3779.83,208.71398902021554
bohemian,547,538,6,3,388,271.04999999999995,90.35
bohmann,8,8,0,0,7,0.0,44.76
bomann,2,2,0,0,1,0.0,147.47
bombbar,2294,2190,79,25,1247,573.29,25.350629230489645
bombcat,252,248,3,1,161,13.18,13.18
bomberg,2064,2061,3,0,1119,0.0,1468.9227435356145
bombora,1391,1224,143,24,834,191.61999999999998,10.102042738947022
bompani,584,583,1,0,419,0.0,519.6581277031049
bona,667,659,7,1,442,76.62,86.98611341823552
bond,1288,1229,41,18,755,417.06000000000006,23.17
bondibon,285,283,2,0,185,0.0,19.691964714432107
boneco,11890,11561,232,97,4962,15036.28,161.89692400597824
bonita,1753,1709,30,14,1097,124.32000000000001,8.88
bonvini,620,599,15,6,357,6239.54,1066.4153941705092
booil,1106,1078,23,5,427,2133.98,630.2206650220817
borasco,1907,1815,75,17,1238,91.89,5.4369759503524095
borinskoe,28,28,0,0,16,0.0,556.1980769230769
bork,24000,23426,386,188,10631,81352.57,486.27042192061896
borovici,1816,1775,29,12,1104,2146.68,161.93849128422139
bort,315,306,8,1,141,59.12,61.89563999734509
bosch,2276589,2192035,62975,21579,715441,4718375.58,264.6371680518243
bose,21876,21505,281,90,11610,35599.369999999995,423.0461130251342
bosh,125,124,1,0,93,0.0,234.90999999999997
bosher,11117,10517,404,196,5804,31540.42,215.23481054086852
bosnic,428,420,7,1,235,20.57,18.451883366633368
boss,503,491,8,4,267,1007.5999999999999,253.89769756755894
bossh,401,399,2,0,233,0.0,168.60793866556722
bot,452,451,0,1,322,6.31,4.970745669624196
botanica,58,58,0,0,45,0.0,2.799714285714286
botas,19430,18638,584,208,7864,16713.21,79.83890532194911
boto,1860,1710,105,45,1086,5535.05,128.7953815512342
botticelli,97,97,0,0,81,0.0,462.45820845481046
boucheron,1084,1052,19,13,551,595.42,50.443411425878146
bouncin,131,129,0,2,106,82.38,25.825889929742388
bourjois,17206,16292,642,272,8348,2560.4,9.588740491174125
bovidix,13621,13370,198,53,9582,2398.58,31.724914858900252
boyscout,20488,19914,457,117,10217,978.22,7.214811891968413
bozhi,146,135,7,4,77,27.28,7.174935157041539
bq,282957,273681,6996,2280,108810,124180.88,64.16411346068806
bra,593,591,1,1,403,42.99,61.910548913558785
brabix,104,104,0,0,73,0.0,221.73922180451126
bradex,11842,11190,488,164,5860,3717.6,26.114991671547916
brahner,988,951,18,19,598,1933.11,108.33309012416487
brain,33,33,0,0,18,0.0,37.67
branq,9,8,1,0,5,0.0,61.1215
brateck,22202,20734,1198,270,8453,4859.66,35.14387540508639
bratz,1,1,0,0,1,0.0,17.76
brauberg,108,108,0,0,80,0.0,113.68815217391304
braumauto,189,189,0,0,172,0.0,91.22113553113553
braun,497867,471108,19530,7229,176878,684999.47,106.84971574049774
bravat,4244,4107,105,32,1948,4085.39,148.59653610452085
bravis,668,650,12,6,449,120.64,24.321238523123647
bravo,15674,15355,260,59,8916,1000.5899999999999,17.283663927307586
breezeboat,1344,1341,2,1,883,125.52,125.52
bresser,5608,5568,30,10,3418,2688.0299999999997,281.76831368425076
brevi,2288,2271,15,2,1643,151.87,236.83637020336215
bridgestone,121228,113685,5717,1826,60999,269040.52999999997,123.54861491068802
briknik,31,31,0,0,20,0.0,6.46425925925926
brisk,198,191,7,0,111,0.0,3.35
brita,426,410,12,4,246,82.80000000000001,17.79453629534164
britaxromer,100,97,2,1,44,442.71,413.96039950525665
britneyspears,54,54,0,0,36,0.0,22.777142857142856
britop,8,8,0,0,6,0.0,30.89
briverre,20,20,0,0,18,0.0,2.47
brizoll,3008,2967,34,7,1487,203.82999999999998,28.69342892796239
brkpress,2060,1857,170,33,1118,428.34999999999997,12.981809418603637
bro,1963,1931,24,8,1104,490.47,63.86369819357762
broomer,9802,9714,65,23,6931,8605.07,391.36225414098203
brother,62514,60007,1939,568,19057,158546.59,266.2599655595668
bruder,63552,62456,994,102,37566,6703.1,60.979994290203514
brumer,1963,1919,30,14,1439,1981.98,141.57
brw,652966,643425,6639,2902,268048,660367.95,264.610666838976
bsa-wheels,10678,10175,430,73,6839,22572.19,310.48436989827565
bsf,20,20,0,0,15,0.0,266.61091666666664
bsn,14482,13769,459,254,6004,13929.41,53.86670657946567
bts,394979,386898,5684,2397,206776,596083.76,267.37704348540586
btwin,691,675,15,1,396,180.18,210.46680584415583
bubble,28,28,0,0,24,0.0,7.870000000000001
buderus,9407,9117,236,54,4019,43505.19,1042.5035529950414
budibasa,691,675,12,4,476,57.59,16.11799818855281
buebchen,100,100,0,0,97,0.0,6.394583333333333
bueno,406,397,8,1,230,27.03,18.003949283949286
buffalo,684,680,3,1,467,772.22,537.772924263056
bugaboo,2625,2583,29,13,1472,8825.52,667.2829702036242
bugati,2393,2375,9,9,1398,2170.64,248.3758726718635
bugatti,6891,6804,68,19,4489,3351.9,154.44846294750255
buggy,14996,14347,486,163,5987,31677.66,245.657463065904
build-a-bear,48,45,3,0,36,0.0,35.34
built-inoven,3137,3085,41,11,1785,1343.87,133.26142288462086
buldors,92,92,0,0,76,0.0,208.03531666666666
bulgari,39968,37788,1525,655,17386,45156.75,69.21579678308339
bulin,520,516,3,1,412,579.17,579.17
bulova,191,191,0,0,133,0.0,677.49
bumbaram,117,117,0,0,93,0.0,4.752686600221485
bumbleride,5575,5511,46,18,3328,7675.469999999999,406.9644368085596
bumprider,7,7,0,0,7,0.0,93.26
bunchems,47,46,1,0,20,0.0,31.662916666666668
burberry,8599,8306,199,94,3463,5680.14,58.56820767744939
burgerschuhe,41228,40657,366,205,25752,20752.5,89.1887338952181
burna,2,2,0,0,2,0.0,154.19
burokrat,105,105,0,0,61,0.0,123.01529517704519
burton,22380,21876,357,147,9693,43579.759999999995,299.31365823872346
bushnell,4695,4660,22,13,2376,2599.46,160.9390915808758
butterfly,1894,1875,15,4,834,247.05,66.6544599273059
buttonblue,952,939,10,3,646,15.68,5.176997571199087
bvlgari,574,572,2,0,441,0.0,348.20130543188304
bwell,3247,3137,89,21,1999,1189.23,56.63
bws,512,512,0,0,371,0.0,36.04
bwt,541,534,6,1,274,18.34,36.15707492057163
bxg,228,228,0,0,184,0.0,43.22743728222997
byintek,4669,4612,22,35,2654,6243.25,241.87730572563547
bykilian,1991,1891,76,24,982,1634.53,56.51340809853361
byredo,6332,6152,120,60,3203,13160.85,224.55088902797593
bytplast,4,3,1,0,2,0.0,64.54
cablexpert,10082,9966,84,32,7325,1077.05,27.647511337141154
cacharel,7301,6915,275,111,3013,4274.57,42.001332434943905
cadelvetro,3501,3433,57,11,1564,535.93,50.830378145271844
cadillac,75,75,0,0,58,0.0,60.95
cafemimi,3590,3497,78,15,2050,47.61,2.4774347892069155
cailyn,1273,1221,39,13,689,356.91999999999996,29.487995681168034
caiman,248,248,0,0,181,0.0,959.1000000000001
calgaro,2816,2811,5,0,2067,0.0,1106.7764818504756
callida,498,495,3,0,312,0.0,39.8111317341731
calligrata,1778,1752,24,2,1137,123.38999999999999,62.27610418369786
calorie,7337,7104,172,61,3537,1765.09,29.294250971754153
calve,5835,5680,101,54,3853,1429.13,26.08414718441688
calvinklein,1255,1222,24,9,727,1797.09,311.0706744428989
calypso,515,509,3,3,324,161.14,43.823335225525696
cam,2490,2459,24,7,1456,2130.8199999999997,306.5625305873461
camelion,317,316,1,0,209,0.0,6.332188451571104
cameo,1102,1088,13,1,569,256.62,266.69570979700177
cameron,949,939,9,1,677,14.59,359.3972135379638
camino,1,1,0,0,1,0.0,61.75
campinggaz,267,267,0,0,207,0.0,257.38
camptown,471,471,0,0,380,0.0,365.41
camshel,933,920,10,3,609,177.60000000000002,59.2
camso,3,3,0,0,2,0.0,644.55
can-am,39796,39415,294,87,26080,11695.42,230.58145592629253
canam,193,193,0,0,182,0.0,307.4195138888889
candide,2163,2138,18,7,1530,63.07,39.95027059388754
candy,111303,106823,3301,1179,47123,354011.12,336.3977327571117
candylocks,148,148,0,0,109,0.0,36.623535714285715
cannondale,5275,5221,43,11,2505,9189.15,938.0597922761424
canon,281283,269465,8426,3392,99546,1661126.44,631.5206432445401
canton,313,312,1,0,254,0.0,576.0747205387205
cantra,147324,144658,1869,797,77659,66409.34999999999,82.88380087359728
canwood,1185,1123,49,13,631,653.79,48.949174733696886
canyon,107051,102104,3618,1329,55216,63402.83,45.48073547175481
capanni,6,6,0,0,5,0.0,570.06
capcom,4975,4729,179,67,3052,3581.7000000000003,51.49355201217032
capdase,44,44,0,0,37,0.0,1.8451304347826087
capella,532,529,2,1,270,218.8,218.80000000000004
capline,325,320,5,0,179,0.0,30.703023020987846
caprice,15628,15498,94,36,10168,2637.66,73.37956356590641
carahardwood,1479,1472,7,0,716,0.0,314.4135717637805
caramelia,47915,46760,821,334,22891,11720.45,35.58764442357337
caravanmusic,2540,2321,169,50,1050,4504.5,90.09
caraya,516,505,8,3,295,334.63,116.66286582760557
carcam,836,826,8,2,370,519.49,256.6830529485135
cardrox,316,308,7,1,226,299.98,296.5822857142857
carfashion,201259,196641,3381,1237,71255,87435.33,69.23691057237744
carhome,7611,6983,488,140,3780,2378.6,16.99
carino,2,2,0,0,2,0.0,133.31
carlsbad,22237,22065,151,21,12959,5670.52,269.1673293034473
carlsbro,70,70,0,0,54,0.0,693.6452631578948
carmani,687,682,4,1,490,25.02,22.729479568889378
carmex,565,514,38,13,283,43.55,3.3571657433056328
carpet,463,455,6,2,332,24.02,8.70098233130148
carpisa,1306,1299,5,2,704,92.61,76.23533608757361
carrera,655,651,3,1,465,254.58,239.490177585527
cars,455,452,3,0,333,0.0,38.74992324240302
carters,23466,23219,175,72,11140,2087.68,27.253580784669914
cartier,15829,15544,216,69,8530,12277.15,1222.2430659417626
carver,11981,11678,222,81,6151,12133.66,158.0182195533087
carwel,6409,6112,237,60,4606,12230.29,205.93881212469478
casaconforte,87,86,1,0,68,0.0,18.78860090702948
casada,7690,6692,706,292,3160,186041.4,522.938011995638
casamorati,293,290,2,1,184,283.15,283.118758858101
casato,1,1,0,0,1,0.0,42.47
caseconforte,55,55,0,0,50,0.0,18.712916666666665
casela,32,28,0,4,16,143.32,35.83
casio,1104690,1068745,24674,11271,287118,1022058.07,131.1568183116841
caso,23,23,0,0,21,0.0,547.10375
casper,16691,16368,203,120,8085,13353.08,115.7653885828259
casta,117,117,0,0,76,0.0,36.39043162393162
castelgarden,23,23,0,0,20,0.0,233.8436842105263
castorland,4224,4117,80,27,2558,135.7,5.419010683023212
castrol,9996,9785,148,63,5258,1858.71,28.283480103685744
cata,1840,1828,9,3,1057,2052.98,291.11000328640694
catimini,1318,1303,11,4,927,304.78000000000003,89.25614964280436
catrice,317,313,4,0,219,0.0,7.352413603691906
catunltd,3244,3224,12,8,2579,551.38,69.76080192610075
cavaletto,8986,8886,80,20,5486,4066.02,164.11628317552663
cavanova,1137,1133,3,1,842,505.92,1168.8160859397362
cayee,636,624,8,4,463,58.59,12.718577969426407
cayin,1615,1580,29,6,892,1088.44,215.11455771658174
ccm,44589,43220,1029,340,18181,44256.43,161.538315265933
cd,477,401,63,13,246,98.67,7.109243297516289
ceinio,594,583,10,1,392,6.44,6.388357142857143
celebrat,31,31,0,0,22,0.0,7.700000000000001
celestron,15827,15619,154,54,7254,11966.61,261.2384724315798
celine,669,661,3,5,459,4222.24,713.1577896910642
cellarprivate,64,64,0,0,54,0.0,1184.647015503876
cellio,5640,5481,124,35,3872,1125.95,31.0367876176747
cellucor,980,958,15,7,471,259.09000000000003,38.38546156777833
cempioneria,512,503,8,1,389,21.88,21.88
cenmax,28968,27900,769,299,14798,20921.85,69.79833992395469
centara,3116,3007,96,13,2034,679.81,48.957915454455595
centec,365,358,6,1,221,37.04,65.67847280820041
centek,33734,31331,1857,546,17740,24282.37,40.270358365074614
centrkom,7,7,0,0,5,0.0,30.915999999999997
centrpoligraf,281,250,26,5,160,19.8,7.765458699549609
centrpravilnogosna,8379,8213,129,37,4688,11861.3,322.61832827045436
centrsportivnogopitania,13,13,0,0,11,0.0,7.72
centurion,29304,28269,719,316,13377,27706.18,91.80532722420037
cepeckaamf,85,84,1,0,69,0.0,48.88
ceresit,21,21,0,0,15,0.0,6.6
ceriotti,101,99,1,1,73,67.25,70.97376984126984
cerruti,267,260,4,3,156,116.68,43.66546617161717
cersanit,26194,25431,581,182,11504,18450.02,106.74968829644965
certina,19099,18932,126,41,7084,18195.57,564.3748013654103
cettua,1135,1067,43,25,756,80.53,2.936160546049276
cezaris,3393,3350,36,7,1847,1059.84,159.8324858135587
chairman,5825,5719,84,22,2910,3842.1099999999997,228.03514391630407
chameleon,7389,7254,83,52,3797,2580.02,61.33841286167659
champion,525,511,12,2,303,335.53,177.44706674649765
chanel,132691,126889,4143,1659,58626,239172.87,165.93872730059115
changerobot,539,534,2,3,382,123.47999999999999,38.53695161290322
changhong,57047,54626,1732,689,27572,164171.02,238.0640850429587
chaod,124,121,1,2,73,890.62,472.06842105263155
char-broil,1926,1898,22,6,1102,2102.71,459.2437931348412
chariots,351,333,14,4,188,134.19,28.651159424141472
chayka,60653,56576,2942,1135,25842,110690.63,102.97336870768308
checkin,135,133,2,0,77,0.0,95.96405114330115
chenri,153,150,2,1,92,7.18,5.660833333333333
chic,80,80,0,0,54,0.0,196.3932738095238
chicco,176965,172459,3386,1120,86049,119868.89,106.59753882323336
chieftec,4493,4366,95,32,1712,2467.44,80.07985100593618
chigo,3184,3074,75,35,1368,13331.08,553.4179110716989
childhome,1398,1393,4,1,1101,462.05,200.95229008371209
chilok,260,258,0,2,171,91.06,45.03623284848485
chilokbo,435,410,19,6,268,162.18,27.030000000000005
ching-ching,1908,1828,51,29,1006,3226.61,121.66211307970404
chingching,281,278,3,0,213,0.0,198.23180555555555
chloe,15492,14753,545,194,6480,12588.48,85.0327775496125
chomik,9,9,0,0,8,0.0,2.9466666666666668
chopard,2955,2930,22,3,1857,1680.6100000000001,626.8740081189293
christina,6787,6619,116,52,2045,1436.3,32.677751671095116
chub,8520,8417,80,23,6997,888.03,38.61
chuckfriends,10,10,0,0,10,0.0,19.5
chuggington,452,443,7,2,339,16.759999999999998,14.671403427658943
ciaobimbi,216,208,5,3,145,154.44,50.94542872991612
cifyurm,8458,8207,199,52,5866,1453.4499999999998,26.552950048940403
cilek,3,3,0,0,2,0.0,510.93
cinemood,1319,1313,4,2,729,756.75,414.6342070275403
circle,531,527,3,1,369,100.39,252.0129868600862
citilux,711,697,11,3,444,103.47,51.435104933647885
citizen,11634,11488,95,51,5755,7816.08,305.1992807111235
citycolor,53,53,0,0,49,0.0,10.037804878048782
cityrover,370,364,2,4,191,977.12,238.25511363636363
cityup,3096,3025,50,21,1687,1167.24,56.18020439832048
clanfrancoferre,22,22,0,0,16,0.0,23.66090909090909
clarion,5287,5267,12,8,3759,652.48,78.7638454885578
classen,1983,1959,24,0,1093,0.0,30.938173243083455
clasy,35,35,0,0,31,0.0,75.94
clatronic,33115,32694,321,100,18621,5110.14,68.65762408670793
claudebernard,2657,2602,38,17,1215,4555.34,246.2867659184944
claudedozorme,804,804,0,0,591,0.0,375.4171514181143
clevan,27,27,0,0,17,0.0,242.97117647058826
clever,2462,2347,97,18,1590,69.67999999999999,6.235850266772767
clevercompany,64,63,1,0,53,0.0,1.03
cliff,586,580,3,3,393,849.4499999999999,283.15
climadiff,572,571,1,0,489,0.0,2024.7055037034947
clinch,140,134,4,2,88,92.66,45.016004464285714
clinique,2445,2277,119,49,1509,3045.23,60.82082182507421
cmi,856,854,0,2,595,467.15,326.80896158609767
cmt,384,379,4,1,245,483.01,483.00999999999993
cnd,5455,5293,121,41,3015,3345.48,61.961338771886936
coballe,32512,31665,587,260,14312,23388.72,82.87720611649176
cobat,34,34,0,0,17,0.0,59.2
cober,31,31,0,0,17,0.0,19.551800865800864
cobi,3139,3070,51,18,2110,783.24,29.198912733281396
cobra,2421,2376,32,13,1446,1872.65,86.04705630229569
coccinelle,7539,7448,74,17,3416,7125.389999999999,342.48890933540866
cocochoco,682,652,27,3,345,61.78,18.30844596958999
cocoonababy,158,150,7,1,80,168.6,168.6
codemasters,400,398,1,1,335,7.72,48.39780020703934
coghlans,151,151,0,0,122,0.0,7.663070881226054
colab,101,92,8,1,51,9.61,9.930376492194673
coleman,11275,11223,41,11,5837,2922.42,380.6096804904021
colgate,3837,3660,144,33,2491,474.87,14.39
collagen,458,397,50,11,245,51.260000000000005,4.660000000000001
collecta,18,18,0,0,18,0.0,30.713333333333335
collistar,19935,19272,466,197,8868,5646.49,30.525483397498835
coloma,83,83,0,0,68,0.0,34.444150943396224
colombo,3269,3209,44,16,1785,707.74,49.348113357587344
colorfix,619,580,31,8,280,79.09,9.457524069428205
colorful,2499,2464,27,8,1531,1376.22,202.48064813314375
colorkids,539,525,12,2,314,154.4,77.2
colorway,32,32,0,0,21,0.0,12.84
colourpop,3331,3247,61,23,1753,688.58,28.677179792897523
columbia,76918,75327,1247,344,35577,47134.13,134.90111455994312
comfee,2938,2785,91,62,1467,6878.03,120.11734923716419
comforser,76763,70862,4510,1391,41420,78906.92,60.242217629419116
comfort,716,714,2,0,523,0.0,23.077959971197714
comfortbaby,7,7,0,0,6,0.0,373.24
comfortzone,282,262,19,1,151,7.08,7.730945184445184
comma,1971,1955,15,1,1562,303.32,85.83933366905546
compasal,8202,7150,865,187,3917,7282.77,41.20653997980962
compliment,1472,1430,35,7,920,22.13,3.9249246114708756
complimenti,569,554,13,2,347,6.69,3.7493070494161627
concept,4304,4099,189,16,2038,149.29,10.208001897048106
conceptclub,243358,240595,2155,608,100371,21230.57,37.33481540464181
condor,106,105,1,0,58,0.0,173.332123015873
condtrol,7827,7632,135,60,3394,11763.52,185.70770020021692
confetti,17829,17566,161,102,11470,1436.99,17.178312602593074
constancy,148,141,0,7,72,1846.8799999999997,257.03096774193546
constantdelight,539,515,21,3,286,42.480000000000004,10.400102387969063
conte,874,857,15,2,453,10.04,7.626897607604627
conteelegant,280,274,5,1,168,14.93,6.975186062358805
continent,40906,38851,1594,461,17113,9074.92,20.73410163006892
continental,87324,83142,3067,1115,45079,157646.04,133.451702614946
converse,3024,2995,23,6,2245,326.76,55.18713371954432
coolermaster,1538,1491,37,10,851,655.76,85.57349342376713
coolfort,14734,14597,104,33,9311,2353.42,73.51076549168911
coolmaker,338,336,1,1,287,82.86,69.57436399217221
coolmaster,20,20,0,0,16,0.0,61.00911111111112
cooperhunter,23,23,0,0,15,0.0,1673.8192857142858
coopervision,3885,3716,139,30,1961,863.16,32.09242530180915
cordial,204,195,6,3,133,1389.99,463.33000000000004
cordiant,1363766,1228957,98614,36195,562376,1716179.95,46.790669114898314
cornerstone,1,1,0,0,1,0.0,11.56
corps,17,16,1,0,12,0.0,30.210833333333337
corpus,261,254,6,1,169,10.17,10.881291262135921
corsair,4538,4453,61,24,2428,2923.01,129.668626553793
cort,26689,25854,591,244,11085,54351.72,239.64475071299756
cortland,43122,40780,1721,621,20861,59623.04,95.22174309799357
cosrx,481,470,8,3,204,79.78999999999999,24.056602816136042
coty,11585,10852,531,202,6303,2902.06,14.34583635487413
cougar,23065,22204,636,225,10632,20335.18,94.30195917114295
courvoisier,65,65,0,0,43,0.0,67.67173076923076
covani,15493,15155,270,68,8251,7752.78,110.47064641028642
cover,40984,40132,605,247,20406,65210.97,242.9601495884682
cow,2,2,0,0,2,0.0,7.7
cowon,2134,2128,4,2,1254,164.98000000000002,145.37370784273253
cralusso,776,768,6,2,454,15.8,8.044866508401991
crane,1404,1396,5,3,797,246.20999999999998,83.28332214439338
crea,279,273,5,1,166,96.21,112.53757612893642
creative,299,299,0,0,209,0.0,245.77412417197849
creature,107,104,3,0,76,0.0,23.852340425531914
creavit,26,26,0,0,22,0.0,135.459
creed,85098,80964,2871,1263,42374,287282.27,240.56843056073927
creo,1220,1158,49,13,553,1084.67,103.54411736643303
creoceramique,472,460,10,2,226,319.87,155.38298273551842
crescina,1094,1066,21,7,622,1528.48,235.3314763583716
cressi,94,90,3,1,67,40.93,40.93
crest,878,846,29,3,694,16.35,8.211557432816313
crisa,21,21,0,0,17,0.0,3.86
crockid,32449,31885,435,129,15003,868.66,7.014165730133205
crome,986,934,44,8,643,43.76,5.557565819597069
crona,5138,4826,223,89,2418,5927.68,73.17182741861006
cronos,270,270,0,0,160,0.0,1231.4568050521204
crosby,9440,9330,66,44,6326,2402.24,58.85449757928474
crossstreet,415,391,20,4,287,720.72,180.18
crowdgames,65,65,0,0,46,0.0,43.782486842105264
crown,307731,296245,8537,2949,109067,163962.44,56.864094147538324
crucial,22055,21098,704,253,10056,14352.79,67.80253081774238
crunch,618,610,5,3,443,254.83,78.72765592248572
crusader,30,29,0,1,19,203.35,198.99223529411765
crybabies,2004,1914,70,20,990,1171.3500000000001,55.479464261189044
crystal,47,45,2,0,32,0.0,26.259999999999998
crystallux,309,306,2,1,212,45.82,95.72514118165783
crystaltrees,57,56,1,0,53,0.0,833.7207986111111
csmedica,547,526,16,5,308,157.05,30.76390702450876
cth,17,17,0,0,14,0.0,104.45555555555556
cube,10245,10152,71,22,4008,16285.64,905.59374636229
cubicfun,9343,9180,134,29,6431,593.47,13.941741522341326
cullmann,1531,1490,29,12,922,735.9300000000001,62.027331259021054
cultor,2,2,0,0,2,0.0,475.04
cvgaudio,358,358,0,0,234,0.0,44.26824804950229
cybermass,36,36,0,0,23,0.0,16.86
cyberpower,1943,1905,26,12,978,1393.16,203.43381569203623
cybex,33552,32887,450,215,15001,109456.79,622.0252259744123
d-clinic,2561,2501,34,26,1357,844.53,31.840795801755544
d-link,23943,23189,566,188,8433,4564.11,29.803906292666973
dab,741,740,1,0,404,0.0,553.9066584995484
dabo,7,7,0,0,5,0.0,6.536
daesung,1907,1877,26,4,1286,157.89,38.892866115653376
daewoo,12996,12470,350,176,5469,115074.22,728.6161474534132
daewooelectronics,2155,2059,72,24,1162,4268.3,161.92778859728102
dagee,2635,2409,186,40,1467,172.22,4.640518102372035
dahatsu,61,55,6,0,25,0.0,105.35285714285713
dahon,1857,1823,23,11,1115,4692.25,443.11608519269777
dahua,26,26,0,0,20,0.0,256.55
dainese,521,519,2,0,245,0.0,356.91322310334937
daisy,8278,7864,310,104,3331,15963.14,166.22258920758992
daiwa,4486,4412,60,14,1568,1256.66,214.4254247176227
daiwerina,347,315,27,5,155,77.19999999999999,15.440000000000001
dalbello,2488,2419,54,15,1113,1915.3600000000001,130.32606299057076
dalianhantaitradecoltd,23,23,0,0,15,0.0,2.56175
dam,12535,12344,132,59,6174,3343.31,52.93495184452466
damask,2385,2356,20,9,1420,620.36,66.25596026466495
damixa,133,131,1,1,102,42.79,80.76142222222222
damper,457,436,15,6,252,286.76,54.62912037037037
danau,305,304,1,0,228,0.0,765.2786909628632
daneildesch,25742,25227,404,111,14130,15752.97,146.2488300947653
daniel,47,47,0,0,39,0.0,98.94294117647058
danielklein,19768,19224,370,174,10136,7172.76,41.773400070193
danke,16667,16028,503,136,7762,34799.34,310.1134850010844
danko-tojs,15,15,0,0,13,0.0,5.15
dankotoys,9,9,0,0,8,0.0,10.113333333333335
dardav,1075,1074,1,0,667,0.0,298.3183373745661
darina,49107,47333,1328,446,23563,69988.19,180.12337598192917
darina-rus,46,46,0,0,34,0.0,192.92
dariush,982,972,9,1,685,92.67,92.70192172197258
dasch,137,136,1,0,86,0.0,76.71
daughters-sonbaby,492,463,22,7,306,486.5,69.5
dauscher,1137296,1087911,36346,13039,416099,2485671.0,221.7692942029851
davidoff,3087,2965,85,37,1526,1430.72,36.932337037178584
davinci,2064,1993,49,22,1268,792.88,36.04
davita,557,554,2,1,388,65.9,245.2839272616454
daye,170,169,1,0,149,0.0,7.457153985507246
dayun,3436,3411,14,11,2088,14072.41,1279.31
dbpower,1336,1282,42,12,741,800.04,66.67
dcshoes,4300,4238,50,12,1970,4543.76,397.66047894049484
dda,1335,1312,20,3,816,83.47,29.674781059118185
dds,7091,6743,252,96,4240,22729.37,235.5325080504495
deamia,12,12,0,0,10,0.0,6.05
dearest,4352,4209,103,40,2555,1858.36,46.915343247066225
decocode,706,699,7,0,513,0.0,12.550858552631578
decora,5,5,0,0,3,0.0,24.45
decoroom,32893,31381,1095,417,13191,11850.97,28.17302190066489
deepcool,75364,71987,2488,889,26149,27115.68,30.244213079828313
deeper,11700,11455,180,65,4944,21886.47,298.4628503468212
deerma,813,804,0,9,535,198.99,22.11
deestone,247,239,0,8,141,2499.4,300.60139491878397
defacto,111,89,13,9,52,57.69,6.317857142857143
defalucy,849,805,34,10,512,103.49000000000001,11.009046223765706
defender,195405,185936,7138,2331,76796,29194.670000000002,13.324057310192554
definitivetechnology,56,56,0,0,43,0.0,1696.072566666667
defredesign,792,782,6,4,469,5660.12,1296.9232803004488
dekok,3220,3165,47,8,2146,115.36,16.5816956644734
delibri,8,8,0,0,6,0.0,6.77
delimano,2749,2657,73,19,1620,969.96,52.681408010758894
delkor,936,879,39,18,442,1768.3999999999999,90.49007187443537
dell,161715,159780,1392,543,63119,408656.27,858.2935374316531
della,2,2,0,0,2,0.0,57.89
delma,38,38,0,0,24,0.0,4.04
delmax,23359,21749,1257,353,13610,15743.869999999999,48.14109347229891
delo,4,4,0,0,4,0.0,10.76
delonghi,184384,177660,5031,1693,75777,579461.78,400.35960937048844
delphi,24,24,0,0,17,0.0,26.986833333333333
delsey,10524,10247,184,93,5044,9494.25,103.71972320829204
delsot,22,22,0,0,16,0.0,29.58
delta,122810,117021,4125,1664,51172,193200.7,116.107179089727
deltalux,7,7,0,0,6,0.0,25.79
delune,15,15,0,0,15,0.0,36.03
delux,47464,45313,1674,477,22133,5975.74,16.887128256615146
deluxe,52834,50494,1784,556,26800,18303.7,41.93294820650776
demark,187,187,0,0,94,0.0,24.458161000290033
demi,4155,3925,181,49,2373,955.3299999999999,24.784020405101902
demidovskijzavod,319,317,2,0,262,0.0,25.48
demiray,7948,7868,60,20,5238,2120.6,106.03
dendy,7727,7597,100,30,5163,1806.21,72.73811121845188
denn,25450,23783,1247,420,11746,20678.34,42.27671414960692
denon,5686,5577,83,26,2984,13397.89,419.07362861090763
denso,2471,2304,151,16,960,120.88000000000001,8.001289235513694
denzel,54626,53572,748,306,25336,81166.01000000001,254.9065434146657
deoproce,168,166,2,0,76,0.0,8.66292316017316
deppa,24209,23337,690,182,14819,2227.22,12.767427413825772
derevaski,756,746,9,1,472,5.78,31.67361814876853
dermacol,22117,21144,695,278,9867,2912.58,11.365522028633002
derspur,1610,1573,30,7,1140,331.78,46.76853671081393
desatoekorolevstvo,1946,1864,66,16,1200,365.12,21.427788011638324
desertykrasoty,227,223,4,0,150,0.0,3.38939968774395
desigual,1498,1469,21,8,931,115.96,25.18309966875615
destra,1824,1811,5,8,1462,278.0,33.65411294689609
deta,10730,10267,322,141,4038,17668.3,121.87867257700026
detomaso,302,278,23,1,176,151.87,207.19685714285714
deton,439,438,1,0,274,0.0,452.05053259172524
deuter,1618,1605,9,4,957,836.8,227.86294542142053
devar,98,98,0,0,67,0.0,9.231851851851852
devente,553,549,3,1,473,66.34,56.74791093521117
deviser,4084,3895,148,41,2273,3160.94,68.08974054216108
devos,1792,1772,13,7,1211,656.66,79.49018084832322
dewalt,220734,215244,4144,1346,65453,283537.35,276.71566909089506
dexp,17899,17002,653,244,10570,44734.25,221.98166392567677
dfc,1173,1159,5,9,803,1510.47,146.0907887881586
dfz,392,354,33,5,258,9.9,1.643129977928055
dhz,12,12,0,0,10,0.0,1838.4714285714285
diamant,29126,28257,490,379,17305,57739.45,164.94637003763975
diamond,4504,4176,228,100,2583,3678.0,36.78
diamondunion,36183,34978,880,325,19515,74526.08,236.6324268800394
dickie,6258,6043,202,13,4249,260.33000000000004,23.393919370320297
dickietoys,190,190,0,0,149,0.0,93.00324851930823
didistyle,9831,9739,64,28,7971,1081.08,38.53042184434271
diesel,22689,22319,264,106,9488,26168.91,269.4175017988105
digifriends,98,98,0,0,65,0.0,13.790957446808513
dila,29,27,2,0,23,0.0,24.639298245614032
dilis,6165,5926,202,37,2731,439.94,12.209079740883633
dimian,75,75,0,0,53,0.0,68.99
dinamical,738,680,38,20,417,926.2,46.16526829268293
dinastia,248940,238254,7682,3004,89871,1129009.77,314.46194957156837
dinoland,7,6,1,0,5,0.0,6.41
dinosaurplanet,60,60,0,0,42,0.0,22.75256
dion,25277,24992,199,86,16624,2549.4700000000003,29.637558352087733
dior,112703,108416,2945,1342,58167,163632.75,132.37943369765034
diptyque,216,206,9,1,102,167.31,167.31
dirkje,10132,10052,56,24,5633,939.25,33.65562097247173
dirkjebabywear,712,711,1,0,559,0.0,32.61267805835715
dirran,72,72,0,0,53,0.0,23.17
disney,39206,38197,844,165,25506,3001.63,19.49442320456429
disneyprincess,20,20,0,0,19,0.0,51.365
dispho,3031,2905,98,28,1717,818.66,26.687555103950697
dita,8,8,0,0,6,0.0,571.55
ditreex,885,875,5,5,588,166.32,33.09202209695353
divalux,10080,9913,122,45,6128,41500.869999999995,867.486949206685
divinare,21,21,0,0,13,0.0,38.493611111111115
divoom,77,77,0,0,48,0.0,64.39589743589744
dizel,8971,8600,304,67,5798,8188.74,113.33254109781276
dji,95071,93093,1446,532,38042,405093.93,930.7881450363794
dk,4381,4343,27,11,2148,3168.42,352.50316042085603
dkny,23660,23013,484,163,9911,14718.89,134.78487019445728
dla,54,54,0,0,34,0.0,13.796029776674937
dlaudio,1481,1434,32,15,967,1881.43,109.79214355074038
dls,3334,3309,18,7,1979,1092.7,139.58910930054066
dmichael,99,98,1,0,72,0.0,8.012074829931974
dobraakniga,13,13,0,0,12,0.0,4.9025
dobroparov,221,219,2,0,166,0.0,54.37812141168524
dobroprav,2,2,0,0,1,0.0,27.0
dobrusskijfarforovyjzavod,28856,28665,169,22,15783,2037.43,100.67251787576537
dodo,677,671,5,1,496,4.38,5.2560035198487585
doff,39,39,0,0,31,0.0,76.15521978021978
dogrular,36,36,0,0,29,0.0,39.021818181818176
dohany,730,703,21,6,397,861.0300000000001,150.69831122157694
dolcegabbana,62,62,0,0,45,0.0,267.28172413793106
dolcevita,804,786,14,4,491,618.54,151.53619219761995
doliva,2957,2784,113,60,1558,616.35,10.276918769031584
domani-spa,6213,6130,48,35,3421,7686.759999999999,224.63954278214624
domasnijocag,7393,7267,99,27,3895,511.03,20.999663284112703
domcraft,3113,3093,16,4,2504,52.52,13.13
domenik,2483,2474,9,0,1712,0.0,71.93514809601825
dometic,15881,15826,46,9,8079,2583.79,463.69310634257096
domika,31,31,0,0,26,0.0,4.2
dominant-print,49,48,1,0,41,0.0,6.840263157894737
domini,88145,85622,2032,491,34916,71591.46,189.43325390662895
domovita,22,21,1,0,19,0.0,25.191785714285714
domyos,30538,29198,1059,281,15703,46796.28,239.20909130893253
dongma,3854,3791,52,11,2621,2542.41,230.89365449438202
donnavanna,482,468,11,3,264,316.37,103.75025360997391
doogee,65968,65124,620,224,31173,26229.62,128.450153421891
doohan,5524,5505,15,4,3889,4362.52,1090.63
doona,220,210,5,5,166,1917.7,383.54
dopdrops,922,914,3,5,547,90.1,18.02
dormeo,1550,1516,29,5,909,254.7,127.47093094020919
dotemu,3,2,0,1,2,17.99,17.99
doubleeagle,2091,2042,34,15,1373,882.52,61.52058835589947
doublefish,115,110,4,1,68,12.01,12.380914285714287
doui,267,261,5,1,156,28.31,28.31
doupro,362,353,6,3,203,780.47,247.1664424239127
dowontec,2577,2568,5,4,1841,1647.4,411.85
dox,3820,3556,220,44,1373,285.92,6.487164787400365
dr.hoffman,1691,1628,48,15,791,501.18,29.640534129927946
dr.jart,601,597,3,1,459,25.46,25.51823529411765
dracco,7,7,0,0,7,0.0,9.51
dragon-i,77,68,5,4,50,159.2,41.93839657738095
dragonfly,5410,5372,34,4,3100,894.39,328.99315006495726
dragons,68,68,0,0,59,0.0,40.207
drbrowns,5,5,0,0,5,0.0,59.62666666666667
drdolphin,81,77,3,1,49,56.63,56.63
dreammachines,1866,1839,21,6,1292,14628.279999999999,2379.2780782375044
dreamwave,916,913,3,0,664,0.0,87.05309081451753
dreja,54,53,1,0,31,0.0,83.86958333333334
dremel,6901,6727,130,44,3680,5305.14,117.22850879024224
drfrei,351,343,6,2,216,15.02,4.649715842141407
drgans,408,373,23,12,192,780.9499999999999,91.31158586765086
drhedison,29,28,0,1,18,19.31,27.86088888888889
drjart,23793,22852,728,213,11211,4980.89,23.91769063068548
drop,8,8,0,0,6,0.0,77.21333333333334
drsea,1035,982,43,10,483,120.08,11.532473424779372
drugoeizdatelstvo,80,72,5,3,50,43.84,12.175291005291005
dsk,312,308,4,0,265,0.0,99.92863524065541
dsland,7487,7347,99,41,4199,23372.609999999997,573.2150442555402
dsp,10580,10233,270,77,5971,2513.38,38.859925035271516
dsppa,2377,2367,6,4,1634,237.84,64.24169773088343
dsquared,1711,1649,48,14,1197,2599.32,203.85241292094648
dtedition,50,50,0,0,48,0.0,47.57
dub,2412,2393,9,10,1858,66.56,6.523487201407709
ducray,3693,3529,133,31,1694,525.11,19.717569098874403
duir,22,22,0,0,12,0.0,7.23
dulevskijfarfor,1152,1147,4,1,694,98.35,127.68986531439793
dunavox,244,244,0,0,215,0.0,788.1859366883118
dune,1645,1636,8,1,968,164.23,285.1450596022336
dunhill,5201,5019,128,54,2424,4812.9,86.1931206992263
dunlop,37720,35898,1326,496,20520,48352.47,97.74266196490667
dunu,328,317,7,4,192,178.64,81.3125586311229
dunya,910,890,14,6,631,74.4,17.050047834105467
duo,2400,2374,18,8,1378,130.19,13.887073004391496
durun,117,104,8,5,59,463.35,92.67
dvin,183,183,0,0,142,0.0,87.73317733990147
dvizenie,9464,8959,389,116,3537,3981.89,31.878523044022565
dwt,75700,73279,1816,605,32243,44657.909999999996,72.1687175646902
dxracer,44641,43428,911,302,19010,89783.51,295.83416585556233
dyflon,615,599,15,1,437,25.71,17.59279456725872
dymatize,4688,4492,124,72,2279,4559.02,55.962113397550645
dynacord,2166,2150,13,3,1384,5758.4400000000005,1635.0775871148896
dynafit,313,310,3,0,245,0.0,96.89846774193548
dynamic,2437,2345,61,31,1022,3097.64,107.0667619274339
dynastar,532,512,16,4,252,1517.6599999999999,430.9131810636835
dyson,95042,91307,2773,962,42770,573043.32,562.3288930737208
e-blue,3924,3879,27,18,2333,5114.82,440.1251793626394
e-twow,2557,2551,5,1,1515,506.33,627.8737567737162
ea,44804,37305,5573,1926,23385,128444.68,67.7705708906258
easycamp,1184,1172,10,2,723,50.45,31.551880886950528
easylink,77,77,0,0,62,0.0,23.705175
easywalker,6393,6288,72,33,2805,13746.81,354.80210939253726
eaton,118,117,1,0,66,0.0,108.07366666666665
ecler,17,17,0,0,14,0.0,508.9764285714286
eco,6017,5908,89,20,3366,1294.74,19.597836440276254
ecocool,15853,14956,642,255,7139,23942.83,97.34833489765029
ecocraft,5,5,0,0,4,0.0,7.080000000000001
ecolab,6176,6026,126,24,3395,126.91,4.580538858026067
ecolaboratorie,71,71,0,0,49,0.0,2.9382393162393163
ecolaboratory,40,40,0,0,25,0.0,3.839782608695652
ecolatier,37,37,0,0,32,0.0,4.1548
ecolight,1719,1663,44,12,943,147.75,14.776591575295816
ecologystone,162,156,3,3,96,199.82999999999998,67.94458269199936
ecosoft,1738,1648,74,16,675,3907.45,238.2568712111785
ecoterm,693,687,4,2,441,68.63,29.93324033593901
ecotex,18280,17710,407,163,9075,3184.44,17.14764955774417
ecs,50,50,0,0,37,0.0,71.15333333333334
edcon,922,905,11,6,470,489.08,98.14362798232094
edelform,189,186,2,1,126,115.66,143.22891029219318
edelman,2917,2902,14,1,2414,83.17,60.86143563008524
edelvejs,135,135,0,0,92,0.0,23.013348484848485
edem,30,29,1,0,25,0.0,18.663174603174603
eden,131,131,0,0,109,0.0,141.32
edge,41587,40389,678,520,23957,76085.82,136.28084717114263
edifier,10402,10191,146,65,5523,3779.8799999999997,118.9076837585103
edon,22682,21727,778,177,11057,7709.82,43.34796985538958
edox,8816,8720,71,25,3107,19738.99,819.9879396362056
educa,73,72,1,0,54,0.0,17.531875
educo,55,55,0,0,50,0.0,24.43
edufun,62336,59668,2006,662,27601,79840.54000000001,121.16356881951958
efp,173,172,1,0,134,0.0,105.69216904761905
efremov,110787,106682,2816,1289,58499,217136.63,159.12389762066493
eger,155,155,0,0,102,0.0,107.63104673784714
egg,501,501,0,0,397,0.0,539.2245002223804
egger,701,688,11,2,432,36.78,17.51529971974295
eglo,418,414,4,0,215,0.0,95.55808303841974
egmont,8,5,2,1,4,6.78,6.78
egp,33,33,0,0,25,0.0,5.07
egreat,1626,1620,4,2,1036,784.89,380.2628571428572
ehome,434,424,9,1,321,10.75,10.793504335013358
eichorn,74,74,0,0,58,0.0,64.35
einhell,18031,17683,254,94,10396,9315.6,133.02061057870617
ekel,812,762,44,6,484,27.299999999999997,4.251567549124674
ekobike,1,1,0,0,1,0.0,643.52
ekolit,21,21,0,0,11,0.0,25.565
ekonomia,222,218,4,0,144,0.0,18.136030188868798
ekpower,30,30,0,0,18,0.0,86.53529411764706
eksmo,10017,9315,561,141,5785,1477.6899999999998,8.147930027402438
elamina,1057,1028,24,5,593,93.97,32.79556239616146
elan,17657,17307,261,89,6836,23604.47,248.95823804407712
elari,218210,206510,8344,3356,105747,192209.03,55.127219194271056
elaud,1242,1228,14,0,750,0.0,14.79701796313745
elbasco,843,807,29,7,545,38.06,5.024120950864728
elco,1166,1158,0,8,723,183.28,22.91
electro-voice,7613,7452,133,28,3835,36279.44,1256.5603981829768
electrolux,270751,261023,7077,2651,106937,524449.48,425.79239327564244
electronicarts,6877,6249,466,162,4458,10818.07,71.03536095541634
electronicsdeluxe,2618,2525,60,33,1337,6163.7300000000005,201.71593186870703
elegant,3026,2970,38,18,2048,238.62,12.656821538805628
elektrostandard,1212,1185,21,6,709,319.94,48.69627111292123
element,77849,71990,4134,1725,40631,209287.81,107.19703260187613
elenberg,697626,648467,34046,15113,316059,573395.13,52.91842260381437
elf,3700,3616,60,24,1987,1218.58,100.6552796367852
elica,3485,3420,49,16,1393,3460.0299999999997,285.4915084100782
eliesaab,143,136,5,2,85,111.5,61.6640328798186
elikor,22324,21726,436,162,7912,14649.9,102.67644172072625
elite,3314,3206,79,29,2425,154.41,13.07507870185151
elitebohemia,13,13,0,0,13,0.0,738.0616666666666
elitech,616,612,3,1,357,145.72,133.93598675285668
elizavecca,13108,12676,290,142,7545,1916.77,13.579476089687194
elkitorg,1,1,0,0,1,0.0,280.27
elleci,39,39,0,0,37,0.0,263.7495
elna,11373,11075,236,62,5124,21140.72,539.9004898424238
eltempo,22595,21636,738,221,15143,17434.13,77.71461040073282
eltex,2791,2775,14,2,1737,134.88,67.1456682844289
eltreco,2626,2615,0,11,1538,7220.29,656.39
elvin,772,739,28,5,441,507.86,66.05754298731162
elysium,30231,29911,218,102,14164,1224.15,12.402948443244423
emal,2376,2340,32,4,1270,252.01999999999998,68.19053472049957
embawood,1024,1023,0,1,786,521.76,858.226082700111
embryolisse,7502,7229,206,67,3853,2185.44,40.847035638012265
emco,46,46,0,0,32,0.0,225.06
emer,1174,1165,7,2,810,797.96,398.98
emiliopucci,16,16,0,0,15,0.0,144.40538461538463
emily,1047,1043,4,0,612,0.0,518.5877990627156
emporioarmani,219,219,0,0,147,0.0,204.09268273092368
emsa,13555,13245,240,70,6173,2308.69,42.45739796327064
enchantimals,174,172,1,1,109,48.88,31.650543592436975
eneos,1666,1558,91,17,803,348.66,20.92618546490476
energenie,158,152,2,4,80,71.96,18.294181818181816
energizer,6585,6399,130,56,3144,5934.61,89.00950600836613
energolux,565,555,8,2,303,170.09,84.87969048993334
energy,788,776,12,0,507,0.0,25.93955637337207
energybodysystems,81,80,1,0,45,0.0,6.94010101010101
energysistem,655,641,10,4,441,501.37,125.50797187064144
enermax,1833,1809,16,8,989,597.38,70.65639629604185
engenius,783,781,2,0,486,0.0,369.70001203983924
engy,62,60,2,0,40,0.0,34.9356
enkei,100,96,3,1,72,1003.89,1003.8899999999999
enkor,1162,1145,14,3,661,440.43,90.88280681518269
enlightenbrick,368,351,11,6,300,5.82,0.97
enough,14083,13091,838,154,7151,940.2800000000001,6.114492109638414
envision,1688,1685,3,0,1013,0.0,130.99294015295538
enya,412,411,1,0,279,0.0,300.65099705270455
eolaboratorie,31,31,0,0,25,0.0,2.975757575757576
eos,133,121,9,3,80,64.35,21.833928571428572
epic,31,31,0,0,20,0.0,1250.4
epicgear,136,135,1,0,104,0.0,26.376033333333332
epiphone,659,646,9,4,417,1441.46,315.335702805691
epnew,85,79,6,0,52,0.0,5.745151515151515
epoch,304,297,6,1,144,20.82,21.847716741856747
epr,18738,18313,258,167,10724,63914.28,387.4225231070553
epson,234198,218253,11801,4144,66894,975660.87,289.5090601908401
era,31615,29947,1332,336,17554,3364.21,10.930939056652122
erbis,14177,13879,234,64,8991,3959.65,69.36113115179431
erdenet,1722,1703,0,19,1205,4792.94,252.26000000000002
ergo,45125,43610,1153,362,24380,97400.33,260.8876836230056
ergolux,1320,1249,61,10,628,16.7,4.537339108706039
erichkrause,8789,8623,129,37,5516,412.96,12.590752106648816
erik,141,137,3,1,114,57.11,39.0837845289631
erismann,3317,3219,75,23,1900,473.84999999999997,17.9830684210343
erisson,6768,6659,84,25,4090,901.0,36.04
erkaplan,19071,18795,202,74,10026,16645.44,207.3958069769601
erlit,80898,78756,1561,581,22207,187040.22,290.5576342929503
ermila,403,401,2,0,228,0.0,96.29158478250713
ersport,33453,31581,1367,505,15027,63836.4,125.75191959419219
esab,728,715,13,0,361,0.0,185.87418670628128
escada,10201,9918,208,75,3363,3572.66,59.69920001155153
escan,44839,44118,481,240,29271,11136.26,44.49054242904447
escentricmolecules,94,91,2,1,63,24.45,24.45
eskar,1484,1473,10,1,1119,15.6,21.98921863825672
esko,184,183,1,0,127,0.0,102.88183823529411
espiro,23,22,1,0,20,0.0,179.41411764705882
esse,949,921,15,13,455,715.73,76.50482098793235
essence,7059,6820,202,37,3358,139.10999999999999,3.678204484066747
estap,1096,1073,21,2,624,287.65999999999997,166.78139561256629
estel,2341,2251,77,13,1280,55.459999999999994,4.870694410040172
estelprofessional,73,72,1,0,51,0.0,4.64
esthetichouse,2737,2593,116,28,1352,261.84,9.593834442631666
estomoda,685,679,4,2,538,133.86,66.93
estrade,2154,2085,61,8,1250,42.98,4.838915836480979
esun,317,316,1,0,169,0.0,181.42813242476478
etalon,1754,1729,17,8,811,419.79999999999995,56.44933730107351
etaltech,253,253,0,0,188,0.0,408.3817389428263
etor,75495,73905,1131,459,33208,51360.69,108.07407184266607
etro,1005,1002,1,2,644,614.6800000000001,240.63931191922435
etude,456,429,20,7,283,80.14999999999999,11.45
euroboor,218,218,0,0,126,0.0,1110.745040572652
eurogold,816,767,40,9,511,69.3,7.7
eurol,1153,1107,38,8,588,252.25,27.769352336833542
eurolight,757,744,10,3,507,32.730000000000004,7.972763855740355
eurolux,67899,63920,3094,885,29000,74797.61,95.25692833299678
europrint,2502,2334,117,51,939,748.22,13.090105746076018
eurostek,105,96,9,0,67,0.0,25.71
eurosvet,1138,1131,7,0,663,0.0,75.30675279322301
eurotrading,683,671,9,3,533,270.27,52.86968278751307
evamosaic,630,608,14,8,395,36.379999999999995,5.276240760832974
eveline,148,146,1,1,97,4.89,4.701232149076977
evelinecosmetics,1050,1006,34,10,682,40.39,4.164790338729192
evenflo,2399,2331,55,13,1231,3616.2,264.2012292582176
everflo,720,696,19,5,456,135.15,59.941043771582564
everlast,2255,2200,44,11,1134,1120.99,111.36482635879005
evga,1619,1577,23,19,1001,16057.29,816.0156137313918
evgo,395,389,4,2,254,225.7,111.66608780933038
eviza,2347,2304,14,29,1624,3908.57,115.8319835627111
evo,4,4,0,0,2,0.0,399.17
evrika,506,498,6,2,317,1183.56,604.7170726673542
evriki,75,75,0,0,62,0.0,23.646894179894183
evrodetal,10991,10762,190,39,6238,8578.33,198.32307109608476
ewa,267,265,2,0,170,0.0,27.26600776429378
ewt,405,392,10,3,214,273.51,80.5018634207092
exclusive,246,226,12,8,120,411.84,51.48
exide,8811,8479,235,97,3865,10550.66,89.59244942579389
exnihilo,1405,1313,72,20,698,839.16,42.14124355325831
exogini,8,8,0,0,7,0.0,22.07
exost,521,516,4,1,352,127.42,105.39894740698425
expoprint,3,3,0,0,2,0.0,4.41
expression,72,72,0,0,41,0.0,14.31
expromt,401,401,0,0,276,0.0,6.372263216588289
ezetil,17718,17602,96,20,8988,3773.1099999999997,347.98347235080996
f-man,364,331,23,10,241,145.0,15.814166666666665
f-power,74,74,0,0,61,0.0,510.8639153439154
f-promo,221,217,3,1,145,40.41,33.386586527293844
faans,89,85,2,2,54,62.72,36.652
faber,462,460,2,0,297,0.0,202.25206802682914
fabretti,32859,32233,499,127,16512,2709.98,22.72701135788991
fabrikakarteks,111,106,5,0,70,0.0,32.037400000000005
fabrikakomiksov,107,107,0,0,84,0.0,8.472801282051282
fabrikamir,2852,2738,85,29,1538,5665.7300000000005,195.37
face,35,35,0,0,30,0.0,13.80265625
fagor,262,254,7,1,158,383.97,518.4287826086957
fais,6,6,0,0,3,0.0,85.46
falken,448,429,17,2,286,81.34,41.47435483870968
falmec,442,432,6,4,258,1593.02,386.07212573789843
fame,2,2,0,0,2,0.0,115.83
family,1208,1165,37,6,672,4429.34,712.9057803593904
fancy,24067,23525,466,76,16441,1423.37,17.08879360789832
fanline,3859,3802,36,21,1389,3437.89,183.46455947064058
fant-mebel,906,896,7,3,620,848.67,282.89
fantasia,2443,2395,37,11,1118,3058.68,332.1436947706485
fantom,272,264,7,1,146,77.2,77.2
fantom-press,14,14,0,0,14,0.0,11.336923076923076
fanzon,101,100,1,0,88,0.0,9.865758928571427
farcar,1620,1605,13,2,1096,965.28,451.2403692368107
farlajt,14,14,0,0,10,0.0,10.08
farmavita,2591,2548,26,17,1471,525.15,34.673724918691576
farmstay,4902,4663,202,37,2353,353.03,8.436386437873553
faro,186,181,4,1,139,20.0,20.0
farroad,26043,24298,1314,431,14785,24992.38,58.88695077586898
fassen,120889,117591,2268,1030,82984,47854.69,47.49852844947833
favourite,1293,1276,12,5,803,354.96,88.8304398175417
fea,559,543,12,4,369,184.44,45.085858772760496
febest,28802,28496,260,46,13414,913.76,20.29139013933218
federal,157,149,7,1,113,64.35,82.33292666666665
feile,4,4,0,0,4,0.0,85.33
felisatti,2152,2148,3,1,1287,231.11,245.8733427068849
femi,403,403,0,0,256,0.0,1365.7652482453364
fender,45403,44283,755,365,20699,100748.89,487.6907074187101
fendi,1618,1582,25,11,973,500.26,51.687450839984315
fengnix,2972,2862,81,29,1769,4404.2300000000005,151.87
feniks,2831,2763,50,18,2005,90.46,5.18132286958505
fenix,11230,11113,79,38,3997,5327.27,112.80407154181209
feron,1918,1835,67,16,929,36.92,2.3554430644102324
ferrari,3949,3789,117,43,2307,6296.610000000001,114.51782746106487
ferre,439,433,2,4,224,484.88000000000005,124.59339453219454
ferrino,10433,10314,83,36,5980,2499.68,239.87096291279178
festina,3378,3322,39,17,2416,1402.37,82.5137596707819
festool,7034,6935,63,36,3954,35801.229999999996,849.1357930072345
fibos,19,19,0,0,10,0.0,284.2183333333333
ficopro,1087,1049,25,13,820,518.7,39.9
fidan,86,86,0,0,63,0.0,32.56944444444444
fiesta,9541,9361,134,46,5248,7139.45,143.80673102436288
fiio,4186,4107,54,25,2019,2858.44,139.08714519757274
fila,94888,92901,1443,544,58928,51385.64,103.40591539399942
filly,19,18,1,0,15,0.0,9.350178571428572
filodoro,77,74,2,1,54,6.88,7.31543686138423
finezza,2361,2299,50,12,1311,242.21999999999997,21.08948141920794
fini,162,162,0,0,103,0.0,1644.425778860029
finish,3426,3315,75,36,1849,633.4,22.26686942287784
fipar,1,1,0,0,1,0.0,42.99
fireball,37,35,1,1,23,157.64,157.95479166666667
firepower,2458,2427,26,5,1688,37.18000000000001,7.757055042932452
firestone,8256,7540,495,221,4385,73643.91,270.39624760324483
firman,9316,9187,92,37,4021,12148.53,592.5489259937334
first,18528,18115,346,67,10910,1689.01,23.08999397978301
fischer,11575,11234,255,86,6030,13501.810000000001,121.85472843422369
fisher,8180,8028,91,61,3742,16891.85,291.1380477472454
fisher-price,11720,11360,247,113,7116,3767.56,33.819166881079
fisherman,4315,4270,27,18,2709,871.04,43.228686549946325
fisherprice,3073,3045,21,7,2401,225.38,40.169984477133866
fissler,970,967,3,0,490,0.0,359.8463369935502
fissman,13768,13572,146,50,7576,3702.09,79.26956667122575
fit,1107,1105,2,0,832,0.0,39.472598184222925
fit-rx,3617,3464,116,37,1748,651.53,16.330898344363867
fitaqua,44,44,0,0,25,0.0,669.26
fitbit,6540,6521,12,7,4251,1261.12,180.19276861458425
fitchbaby,5589,5490,74,25,3628,996.61,46.773041967012496
fitlux,13214,12921,228,65,7226,75609.89,1339.4048726376818
fitnessbody,370,336,24,10,215,41.370000000000005,3.8378692778092187
fitnex,4,4,0,0,3,0.0,1155.8433333333332
fitokosmetik,525,506,19,0,371,0.0,1.2856961172787786
fitrider,536,535,1,0,384,0.0,478.7412872046254
fitstudio,482,446,26,10,261,195.6,19.56
fitwell,593,582,0,11,330,1251.74,114.86236714975844
five,112,112,0,0,90,0.0,77.22
fivestars,14930,14385,428,117,8462,2742.75,23.69601258065022
fixsen,83,83,0,0,53,0.0,149.11124999999998
fizan,123,119,4,0,70,0.0,14.853762082184277
flama,67162,65112,1538,512,28576,76067.13,147.18795860284777
flambeau,5355,5297,42,16,3109,461.04,83.63817487448433
flashpoint,1259,1243,12,4,930,98.32,25.11590909090909
flavia,4970,4873,75,22,2424,7863.63,346.0659708349629
fleet,164,163,1,0,126,0.0,49.435295833333335
flex,3,3,0,0,1,0.0,394.43333333333334
flexter,1509,1481,15,13,1046,1253.55,99.72606903187364
fli,3133,3048,40,45,2078,6370.65,142.24116937937328
flicker,6,6,0,0,4,0.0,22.473333333333333
flight,30287,29091,855,341,13190,25998.89,74.54067956030381
floralis,171,169,2,0,123,0.0,1.8233391203703704
florentina,1725,1701,15,9,1050,1369.15,150.56556176081457
floresan,2634,2474,129,31,1600,112.69000000000001,3.8044538099739102
flormar,4140,3978,134,28,2169,188.24,6.108439386711799
flushforce,66,65,1,0,59,0.0,3.8699999999999997
fly,73043,70749,1574,720,39626,142679.84,242.34269094901512
flystep,4,4,0,0,3,0.0,89.58
focal,10833,10682,94,57,5760,8201.99,214.32635434709402
focushomeinteractive,524,518,5,1,428,51.46,51.46
foliant,39,38,1,0,29,0.0,8.206269841269842
foligain,373,355,12,6,248,169.14000000000001,28.19
fondital,1028,1025,3,0,638,0.0,2031.1443620423654
force,448787,433475,10613,4699,212914,709463.03,159.74722196981443
forcekraft,11095,10813,209,73,7584,6676.87,89.58205474929233
ford,392,382,5,5,232,306.18,66.46904594871795
forlux,2574,2382,124,68,974,5461.73,79.10694307090725
forminabanyo,116,116,0,0,65,0.0,202.60776190476187
formulazdorova,709,671,24,14,405,2699.2000000000003,192.8
fornelli,6205,6020,141,44,2762,13489.35,313.73921067827143
fornite,105,103,2,0,79,0.0,18.880526315789474
forsage,8269,8087,134,48,5651,6708.75,138.84476660840076
fortnite,1428,1414,12,2,872,111.14,46.17816453140394
forward,12573,12139,319,115,6429,10432.24,107.7950739266327
foryou,21,21,0,0,14,0.0,49.21142857142858
forza,6474,6375,76,23,3396,3842.21,195.52466599840042
fossil,52385,51512,591,282,21404,47734.31,179.45407224036387
fostex,799,798,1,0,564,0.0,198.4079516696041
fotomate,575,571,4,0,391,0.0,135.50417503657607
fotorama,1163,1132,22,9,808,268.87,32.082491523144824
fox,726,717,7,2,487,18.54,9.27
foxconn,124,122,1,1,83,172.85,109.22563888888888
foxx,71,71,0,0,41,0.0,222.53153846153845
fracescodonni,171,169,2,0,121,0.0,138.7406349224033
fractaldesign,540,532,6,2,343,289.27,171.77026908417625
fragonard,184,175,8,1,63,72.07,100.53685409529741
framesi,1956,1927,17,12,1203,383.27,32.591020875728056
francescodonni,5397,5174,175,48,2944,3940.95,90.6548538208102
franckolivier,256,253,2,1,141,21.08,26.20466305916306
franke,6997,6892,80,25,3466,4788.11,369.4681375162263
freedom,525,515,9,1,397,7.14,14.263532597032597
freefeet,225,224,1,0,187,0.0,385.84077717879603
freeway,1731,1700,23,8,1207,203.84,25.426053406084655
fresh,1234,1200,28,6,659,653.16,116.54855233809064
freshfruit,96,93,3,0,77,0.0,1.03
freya,593,582,7,4,415,132.86,45.42097800789592
frozen,2854,2792,49,13,1796,517.4,33.990268726572566
fsd,1089,1074,13,2,671,61.78,32.278721199499124
fubag,37152,36563,426,163,16390,50226.5,402.5544029071112
fuel,572,568,4,0,440,0.0,1496.0810761019284
fujida,6949,6749,130,70,3272,5796.54,82.47573858707888
fujifilm,45367,43857,1077,433,17893,54067.6,141.8828516373865
fundesk,102,102,0,0,91,0.0,215.73711111111112
funnyfood,3,3,0,0,3,0.0,6.41
funred,76,76,0,0,64,0.0,25.780000000000005
funville,1323,1302,12,9,910,191.71,22.864672329585662
furreal,264,259,3,2,182,115.32,58.172706422018344
furutech,32,32,0,0,22,0.0,200.78
futura,231,230,0,1,170,45.95,74.37487938833196
fxn,206,205,1,0,124,0.0,50.707499999999996
g-cube,1125,1093,24,8,852,124.45,17.61133408135557
g-stone,56,56,0,0,37,0.0,103.06733333333334
g.skill,914,881,21,12,500,1553.6,129.90507142407057
ga-de,10817,10439,268,110,4986,1794.8500000000001,16.600310407557387
gabolparadise,1073,1018,42,13,516,730.0,57.9691566071722
gabor,664,650,8,6,483,683.14,119.93577362801014
gabriella,62,62,0,0,42,0.0,106.17542857142857
gadkija,24,24,0,0,20,0.0,2.652156862745098
gaga,2677,2609,56,12,1623,172.49,22.69566013925931
gaint,652,629,18,5,327,2135.17,435.06354853041694
gainward,3789,3757,17,15,2166,6537.709999999999,478.7355518605559
gaissina,8584,8574,8,2,6766,30.84,35.1451149157047
galacticos,1577,1519,49,9,918,36.660000000000004,4.519866394059614
galantcosmetic,50,48,2,0,26,0.0,1.5400000000000003
galanz,9122,8652,278,192,5152,12644.24,66.43239502809173
galaxy,251314,243283,5913,2118,120041,55942.33,30.782714328488616
galtex,32,32,0,0,20,0.0,13.674907407407408
gamdias,2957,2875,64,18,1665,2163.9,134.7232287768113
gamemax,17111,16540,419,152,8710,25480.73,176.7841837842368
gamerstorm,167,161,5,1,116,103.73,96.7152807017544
gamma,20299,19001,892,406,10343,16672.15,44.30860828899752
gammapiu,12,12,0,0,7,0.0,64.14
garage,150,135,10,5,96,84.20000000000002,17.38419047619048
garant,515,512,0,3,315,10.41,4.018032797372826
garanterm,6036,5729,202,105,2783,9996.27,98.00624248625296
gardena,3346,3313,28,5,1657,1603.09,185.72069944197574
gardenlux,11,11,0,0,8,0.0,1919.4
garmin,282403,278132,3122,1149,103287,594337.99,785.8469421036167
garnier,10806,10424,295,87,5778,278.96,3.0813430542070335
garrett,31558,30632,637,289,11869,85082.7,548.8976975897191
garvalin,37681,37108,426,147,18954,9322.94,56.02746279818163
gaspari,38,38,0,0,28,0.0,25.74478260869565
gauss,1305,1259,38,8,659,50.68,6.394341515634921
gazpromneft,7025,6908,70,47,3462,530.9,11.862172262766984
gedore,1541,1526,13,2,1148,463.79999999999995,102.16475779741627
gefest,280732,273217,5692,1823,85175,351486.65,216.07280785886314
gehwol,3048,2962,64,22,1615,392.98,19.310092958823137
geil,45275,42899,1770,606,19398,34598.69,61.850452782754104
geitaran,1149,1136,10,3,864,405.41999999999996,114.56460712455171
gelflex,2534,2478,50,6,1364,100.38,16.73
gembird,10397,10227,153,17,6775,290.44,14.280032418757127
gemei,12171,11424,572,175,6095,4077.43,23.0355796405961
gemsy,742,709,24,9,376,5930.57,656.0846375837214
genau,31473,29914,926,633,13436,198148.61000000002,248.71671215015368
genebre,3809,3777,25,7,1758,916.21,172.01518592979536
generalelectric,137,136,1,0,103,0.0,1756.9037244897959
genesis,43918,40198,2551,1169,17564,60064.88,52.166488356768554
geneticlab,24,23,1,0,15,0.0,27.856
geneticlabnutrition,2187,2124,41,22,1082,321.3,16.023599133055473
genius,15149,14597,429,123,8347,2916.79,29.90057186986067
genki,1493,1388,72,33,803,489.83,13.552988529328259
genlog,3616,3610,4,2,2511,191.67000000000002,236.45144328289084
genny,37,37,0,0,34,0.0,118.15
gentrycup,204,198,5,1,137,4.12,4.12
geoffanderson,1225,1209,13,3,940,133.2,44.4
gerat,114875,113634,988,253,47608,12883.68,55.38150951887553
gerber,8184,7809,274,101,4933,357.92999999999995,44.888631807570796
gerbor,3774,3739,29,6,2701,929.75,152.2219244123094
gerdamix,960,942,14,4,516,335.65999999999997,80.99002117966221
gerkulesgames,10,10,0,0,5,0.0,27.336000000000002
geroivmaskah,15,15,0,0,15,0.0,14.925714285714287
gesso,1139,1099,32,8,564,479.73,63.09288779447811
gewa,18153,17251,673,229,9686,12673.779999999999,133.72492404947135
gezatone,17641,17254,271,116,7806,7126.59,77.5030730304829
gf,28674,27875,547,252,13823,173693.53,632.5760417233292
ghnfitness,1569,1518,41,10,789,4890.7,483.47757687802203
giant,40540,39870,469,201,15364,157298.47,1110.0296290660226
gid-ceramic,2,2,0,0,2,0.0,79.8
gigabyte,184189,178597,4035,1557,70282,353667.13,242.89909661802443
gigawatt,44384,41571,1974,839,17739,76366.70999999999,91.81284862820178
gigazone,1545,1501,38,6,946,51.78,8.305655367231637
gimi,9204,8789,310,105,5122,2562.25,26.799239752016472
ginzza,174,173,1,0,132,0.0,128.68
gionee,10913,10777,79,57,6320,5200.18,91.90179922058412
giorgioarmani,12384,11426,718,240,5366,13976.42,70.38532272718973
giornonotte,5174,5093,55,26,3068,17623.66,681.7479447701826
gioseppo,127,127,0,0,85,0.0,34.158707859848484
gipfel,59382,58745,498,139,28250,14890.77,102.82762549598783
gislaved,41146,37677,2569,900,21718,72992.7,80.6660103775594
gislawed,38,34,2,2,21,153.93,149.84579831932774
giti,22,22,0,0,16,0.0,90.09
gitzo,116,116,0,0,93,0.0,1749.8320714285715
givenchy,51505,49615,1378,512,24116,50790.51,106.91542047880866
gk,137,134,1,2,91,42.48,21.666103896103895
gkhair,9875,9622,141,112,4865,4942.96,45.95114388619627
gladen,1943,1881,56,6,1053,1121.0,267.51809563377793
gladiator,1,1,0,0,1,0.0,1065.2
glam-forever,178,178,0,0,140,0.0,23.66885546613011
glamglow,7763,7511,154,98,3753,3872.13,41.865902807152416
glamvers,4309,4205,76,28,2695,3900.75,144.92177145581633
glanzen,163,145,14,4,70,16.36,5.445225869427976
glasman,113175,109771,2497,907,49856,88395.02,114.38403578709794
glimmeies,289,287,2,0,226,0.0,13.541485656517915
glimmies,300,295,4,1,192,13.0,7.525582820629662
glo,5438,4948,404,86,1899,2522.64,31.028867046247978
global,3647,3555,81,11,2375,47.36,7.687980044934535
globalkeratin,542,525,13,4,342,252.24,61.12286075949367
globaltoys,276,267,6,3,145,33.41,13.587753058416991
globber,4689,4535,112,42,2461,3811.18,95.46224047568192
globex,929,913,13,3,630,142.49,49.01007040206075
globo,31,31,0,0,28,0.0,100.39
glory,335,334,1,0,232,0.0,69.42300287356322
gmslivgidromasao,239,238,1,0,151,0.0,1242.774680762736
gnu,88,87,1,0,54,0.0,463.07
go-sport,455,445,9,1,346,39.13,39.09680188566655
goalzero,1256,1254,1,1,835,53.36,162.49785603195497
godin,2,2,0,0,2,0.0,599.76
goform,9225,8670,410,145,4889,9660.26,65.52123394009425
goldenconcept,8166,8009,108,49,5794,5247.4,176.17298351767167
goldenrose,509,486,19,4,327,14.16,3.136638561810798
golf,119,119,0,0,91,0.0,12.3899609375
goliath,1215,1192,16,7,860,216.11,27.53120623219954
gomel,136,130,6,0,87,0.0,4.94
gomeldrev,326,323,2,1,256,2445.37,1135.4732037904723
gonher,3171,3098,62,11,1401,187.64000000000001,24.72489944266201
goo.n,3286,3031,197,58,1777,1002.41,15.635551804918684
goodbaby,49,49,0,0,39,0.0,236.81
goodgrill,535,533,1,1,415,45.82,48.44734360128061
goodhelper,2,2,0,0,2,0.0,19.1
goodloot,21274,20713,434,127,14299,1838.09,15.453782362049694
goodmax,2,2,0,0,2,0.0,1218.43
goodram,2550,2481,53,16,1467,495.24,45.273382528076965
goodride,66808,61509,4105,1194,33583,56482.12,49.93205821614911
goodyear,131355,122497,6430,2428,65589,283489.13,118.82083951091504
google,56307,55894,307,106,28072,74344.12,762.6276306291512
goon,12,12,0,0,9,0.0,17.74
gopro,50198,47784,1796,618,21633,269611.3,438.9178008789031
gorenje,253439,246660,5082,1697,111170,327973.27999999997,213.31595213411964
gorizont,279,274,4,1,182,133.05,200.95975
gornica,227,222,4,1,145,43.75,40.87294023221974
gosh,27595,26102,1058,435,13417,4564.05,13.363804789512491
gourmet,193,193,0,0,176,0.0,20.59
gr,18,18,0,0,14,0.0,288.3
gracecole,13607,13037,414,156,5402,1724.26,16.064169387484014
graco,2566,2528,30,8,1531,724.59,146.03247917252267
graf,6111,5912,160,39,4128,1899.6999999999998,34.57159735952573
graff,399,399,0,0,324,0.0,54.15082455043332
graffiti,3390,3344,34,12,1742,1042.57,91.46787182171697
graffitisound,352,324,18,10,237,695.0,55.2883845866068
grafit,6,6,0,0,6,0.0,27.169999999999998
gran-stone,13835,13489,243,103,4108,7305.34,72.57281834712197
granchio,13,12,1,0,9,0.0,14.786666666666669
grand,1,1,0,0,1,0.0,100.39
grandm,434,425,9,0,273,0.0,346.0913529546067
grandmanar,554,551,3,0,372,0.0,985.1
grandstil,1065,1046,16,3,666,35.38,16.870609974130815
grandvictory,388,385,2,1,248,37.34,28.23153138528139
granfest,301,300,1,0,147,0.0,113.15143292086441
granhel,113086,108454,3446,1186,48285,116827.45000000001,102.60446723669311
granicom,1992,1934,39,19,899,1041.44,61.932187360015426
grape,9951,9683,160,108,5382,4935.889999999999,43.657077139168436
graphite,4337,4303,22,12,2454,1016.5200000000001,93.32947118438412
graphiteleader,306,306,0,0,194,0.0,190.05814873417722
grattant,97,94,3,0,73,0.0,11.3
graude,15,15,0,0,13,0.0,546.2409090909091
gree,29646,28797,686,163,10499,49337.83,358.4347780518548
greenbike,3658,3651,4,3,2465,3448.2599999999998,1159.9382666737542
greenland,1113,1075,31,7,700,41.93,9.068566928418758
greenpan,4245,4212,26,7,2632,435.41,88.03346499263523
greenpro,1784,1757,20,7,667,334.14,62.12516640953803
greentek,5112,5016,71,25,3121,486.07,26.170358284763292
greentree,1500,1489,9,2,1073,257.36,128.68
greentrees,2373,2345,23,5,1772,1237.2,296.8729286624963
greenway,5411,5240,130,41,2756,2644.02,66.83819122032659
greenworks,171,171,0,0,101,0.0,416.2653784013605
greta,22944,22293,488,163,10577,26272.66,157.9333570305768
gretsch,2170,2145,20,5,1288,2869.34,534.6567341801825
greyder,170789,167488,2634,667,85791,67092.8,95.57638975437341
greys,488,488,0,0,384,0.0,100.73794005994006
grifon,4,4,0,0,4,0.0,125.0275
grillver,8246,8212,25,9,5147,1103.25,204.3530921927181
grinda,38,38,0,0,26,0.0,163.51118055555557
gripmax,46,39,5,2,19,186.72,81.0793984962406
grizzly,3510,3383,94,33,1749,575.85,50.601999550176124
grohe,18448,18034,297,117,8466,14651.47,381.543741034021
gross,23933,23546,281,106,15603,14424.550000000001,146.42009511803028
groundzero,238,234,3,1,189,265.13,206.07157936507934
grow-with-me,23080,21655,1036,389,14981,13934.94,35.96896292245153
grownup,184,183,1,0,145,0.0,222.2098484848485
gs,923,909,9,5,594,169.75,27.525611660266872
gskill,5086,4883,155,48,1863,6356.43,137.74544706492856
gssolid,3,3,0,0,3,0.0,77.22
gt,3550,3535,10,5,1524,2516.67,458.39977021630483
gt-radial,16,16,0,0,13,0.0,70.79
gtrwheel,414,405,8,1,283,514.81,460.06623051531267
guangwei,4532,4369,108,55,2985,606.08,12.030949463286369
gucci,65891,62556,2378,957,27669,71214.51,123.81632593672103
gudi,9,9,0,0,9,0.0,32.18
guerisson,3422,3308,89,25,1857,369.26,13.23270437459472
guerlain,17174,16482,471,221,8098,22503.51,111.44603500158526
guerlainlapetiterob,76,74,2,0,50,0.0,114.55
guess,144,143,1,0,106,0.0,142.1552899159664
gula,36,36,0,0,32,0.0,33.15
guliver,554,543,9,2,465,73.38,36.69
gulliver,34317,33840,423,54,22844,947.38,23.328625508000236
gutrend,49,49,0,0,33,0.0,215.32827586206898
guzzini,2017,2008,8,1,1523,26.77,16.104413596367603
gys,3029,2979,43,7,1504,1117.41,139.45937906044506
habilead,44559,41903,2017,639,24044,36253.93,57.1432207120309
hachette,70,70,0,0,49,0.0,12.061449999999999
hada,1045,980,53,12,520,355.96,28.72424157587071
hadaa,1,1,0,0,1,0.0,847.14
hadarrosen,1008,983,20,5,535,191.5,39.61537296302518
haday,7261,6623,513,125,3438,3185.0,25.992808219178084
haeger,679,659,15,5,454,97.29,19.282016806722687
haida,8,8,0,0,6,0.0,130.71
haier,696859,652934,31522,12403,275472,3542598.66,329.7132816651877
hairdorables,3511,3355,139,17,2248,448.74,28.407533153733137
haken,178,173,1,4,135,71.32,18.242236559139783
halei,2182,2028,99,55,1060,869.97,16.196170212765956
haley,612,603,7,2,437,41.18,20.59
halmar,3068,3028,32,8,1963,1867.9,243.13738663859843
hama,2088,2039,38,11,989,206.78,17.780520729482408
hamilton,315,313,2,0,212,0.0,618.2812079646017
hammer,1594,1585,5,4,947,286.69,61.321724122387494
handwers,4751,4744,4,3,3444,121.99,28.456756727011395
hangover,7090,6998,71,21,4453,4713.91,219.10608432846823
hangzhoujindingimportexportcoltd,30,30,0,0,21,0.0,26.22877777777778
hankook,62932,59869,2276,787,33567,69079.26,91.80953424947992
hanlu,6,6,0,0,4,0.0,18.02
hanma,1150,1141,1,8,701,2759.44,344.93
hanowa,9198,8991,152,55,3988,9598.68,203.85850124786134
hansa,420312,404508,11755,4049,139975,985573.18,282.76776655340547
hap-p-kid,2755,2715,33,7,1806,154.57,38.358290761075224
happybaby,3060,2949,84,27,1977,2362.24,76.60009938859433
happyfamily,1132,1113,14,5,652,441.71,89.93552073153357
happykid,6,6,0,0,5,0.0,8.56
happykidtoy,200,185,14,1,143,18.3,18.29169811320755
happysnail,152,151,1,0,124,0.0,8.78524981962482
harley-davidson,35446,35279,120,47,23414,7134.06,284.0460425544773
harleybaby,254,239,11,4,154,1069.71,271.52882783882785
harmankardon,232,232,0,0,160,0.0,261.31324074074075
haro,10828,10673,93,62,4367,20293.73,308.6551670142408
harp,338,330,7,1,256,777.37,868.4585215651834
harper,149328,143157,4434,1737,73732,136292.03,76.5863862016922
harpercollins,95,94,1,0,70,0.0,9.392068965517241
hartan,353,352,0,1,296,1801.82,1801.82
harte,63,62,1,0,43,0.0,68.35612612612613
hartung,149,147,2,0,131,0.0,372.8177192982456
hasbro,120212,116653,2880,679,57118,30330.64,42.69724431657488
hasbromylittlepony,53,50,3,0,40,0.0,167.31
hatchimals,932,902,20,10,493,755.22,62.688323704271355
hauck,1113,1090,17,6,586,1962.47,275.3790190162009
haushalt,744,734,8,2,512,151.88,75.54645676691729
hausmann,14900,14634,191,75,9182,1436.51,23.539767523867116
havit,4256,4094,116,46,2095,2051.17,47.69101175371959
hayabusa,148,146,1,1,101,113.26,160.52276958525346
hayali,13834,13751,64,19,8383,1310.18,105.75699938713299
hayejin,34,34,0,0,21,0.0,25.00978947368421
hb,50122,48426,1275,421,21725,14018.21,34.33172284367461
head,19493,19031,328,134,8067,30378.329999999998,206.4820598085851
headrush,401,396,4,1,203,296.25,293.5167683585528
hebeigrindingwheelfactory,29,29,0,0,19,0.0,6.531836734693877
hec,41,41,0,0,28,0.0,127.44959999999999
heco,300,290,8,2,173,300.74,324.9367315772463
heidelbergcement,110,106,0,4,56,14.6,3.755
heinola,273,273,0,0,210,0.0,118.41
heinz,193,182,8,3,125,3.34,1.054701028138528
helfer,2440,2428,10,2,1850,154.45,97.637456346894
helios,3027,2937,67,23,1695,1011.88,84.46027914114262
helix,79,79,0,0,69,0.0,2056.204081632653
hellion,364,356,6,2,255,108.12,58.0826314699793
hellomaggie,176,169,5,2,120,138.8,76.19403571428572
helpfer,9899,9346,427,126,6220,13575.47,105.1345376079119
helstons,266,266,0,0,128,0.0,456.6631378409474
helvetia,7182,7156,18,8,5760,9509.44,1170.5139874411304
helvi,1433,1428,5,0,923,0.0,218.84244597387223
henglei,2094,2039,42,13,1187,321.57,28.187100756714457
hera,86,85,1,0,58,0.0,85.47699686716793
hercules,333,331,1,1,217,24.17,47.43419080610748
herman,281,278,3,0,176,0.0,527.3705661244696
hermes,4650,4538,84,28,2575,4525.89,161.77742836138665
hertfordshirepress,13,13,0,0,12,0.0,5.12
hertz,50929,49953,609,367,22131,43092.82,173.03494931048064
heyner,7537,7445,67,25,3907,3341.66,120.44758225604022
hgl,23,23,0,0,23,0.0,5.15
hgst,269,266,2,1,188,56.25,99.67155709876543
hibertek,93,92,0,1,75,6.33,7.2374833333333335
hifiman,1347,1340,6,1,846,297.2,171.16572501117346
hifly,51556,48067,2679,810,26914,44777.19,56.80247321649694
higashi,3071,3021,38,12,1805,3736.17,258.6777322451352
hightechway,8338,7962,282,94,3566,17029.12,133.89846720481015
hikma,45,43,0,2,20,30.88,15.440000000000001
hilo,5647,5237,332,78,3110,3075.6600000000003,42.427934312534944
hilti,1094,1085,9,0,654,0.0,270.22095601218956
himalaya,88,80,6,2,42,4.38,2.083694581280788
himalayaherbals,139,134,4,1,85,2.83,2.4562520576131686
hintek,312,310,1,1,161,85.86,122.3968751737129
hiper,10410,10253,105,52,6134,963.23,31.545696415023446
hipp,570,545,20,5,366,24.580000000000002,4.792205393564769
his,204,202,1,1,135,507.86,488.3753743734336
hisar,154,154,0,0,122,0.0,482.65360192433144
hisense,19914,19196,524,194,8768,127030.24,694.9884309249408
hitachi,22120,21854,191,75,11450,33537.32,675.716874423523
hitechnic,2545,2354,126,65,1516,2375.65,35.57729055970458
hitkniga,4,4,0,0,4,0.0,9.63
hjc,795,747,28,20,381,4774.92,205.79214179159257
hkaudio,5,5,0,0,3,0.0,968.67
hlebsol,459,444,10,5,336,64.44,14.978865937050811
hobbyworld,1127,1093,23,11,779,860.18,94.89648782817015
hobot,4640,4598,32,10,2702,5752.32,525.8734254211724
hoco,53567,51355,1563,649,30112,11404.73,16.647171580760002
hohner,1786,1720,53,13,694,620.86,43.97227531739948
hoka,60,60,0,0,47,0.0,154.19
hola,2199,2127,57,15,1670,396.31,26.62095553631152
holatoys,47,45,1,1,41,26.13,26.13
holder,4981,4687,224,70,2426,1569.32,24.946341409063997
holicy,3920,3752,123,45,2135,15944.85,452.7777041585162
holiday,5956,5855,77,24,2746,2418.81,126.88380669082238
holikaholika,104,99,4,1,66,4.5,5.528291666666667
hollicy,925,877,33,15,588,2937.4500000000003,197.64994056847544
homage,1001,938,42,21,416,1729.79,92.0581184643731
homeart,2003,1961,23,19,1252,448.57,22.94286759119933
homeelement,298,288,9,1,195,153.65,156.42352112676056
homelife,22,22,0,0,18,0.0,4.46025641025641
homestar,521,511,8,2,381,24.55,11.89808584544111
homs,5,5,0,0,2,0.0,64.33
homy,6209,5913,225,71,3047,2076.6,28.468034009712795
honda,2181,2176,4,1,1498,864.67,1402.261349947362
honhongvictorygroupltd,560,546,12,2,309,138.48,70.54629757785466
honor,367015,357133,7129,2753,140133,612887.39,260.456102476929
hoover,17796,16803,740,253,8050,24181.81,107.97454917885827
hope,7292,6996,231,65,3621,3883.61,61.13947196135887
hori,623,616,1,6,461,996.19,131.12096208285533
horizont,82288,79217,2338,733,37297,112471.04,176.6546716739812
hotmom,2358,2297,40,21,1423,8335.72,401.659110868925
hotner,1102,1101,1,0,750,0.0,879.8294476656907
hotpoint-ariston,65922,64306,1202,414,29103,117304.16,341.7388492894239
hottek,15253,14774,390,89,8698,2609.96,23.83420171682486
hotwheels,6184,5941,187,56,3695,1605.52,34.46945293054235
housefit,75604,74117,1057,430,31994,140210.3,305.56131045880363
household,691,645,37,9,376,658.98,67.52553571428572
houseofseasons,23495,22577,678,240,12081,3335.93,17.160278100092892
hp,1247625,1205750,29365,12510,382419,4319733.97,491.2025436457008
hpe,1176,1173,2,1,844,252.8,679.0846386364
hq,1594,1550,32,12,970,473.31999999999994,61.74625466156492
hr,18,18,0,0,17,0.0,20.59
hre,110,108,2,0,70,0.0,549.4798253968254
htc,27173,26594,431,148,16115,21289.75,337.89319965941115
htl,24,22,1,1,19,360.37,360.37
htw,6751,6621,97,33,3601,15324.85,460.6779075200008
huanger,15055,14390,486,179,10109,4430.58,25.159950382089146
huawang,154,154,0,0,108,0.0,3.5499973386232977
huawei,4424454,4094713,237419,92322,1322151,17300302.96,249.71255283757807
hubeiindustrialaimiletrading,865,843,17,5,611,437.59999999999997,87.52
hubert,52933,50336,1853,744,20572,355152.99,433.8236666652927
hubsan,1066,1063,2,1,719,283.12,283.12
hubster,2225,2142,59,24,892,1123.32,47.38911974831704
hudsonbaby,16,16,0,0,14,0.0,20.144166666666667
huggies,45079,40665,3055,1359,20301,18009.39,12.614815379471796
hugoboss,514,502,9,3,391,270.27,277.29165553109937
huile,3725,3565,120,40,2526,948.35,23.199410707745646
huion,34589,33000,1247,342,10915,63180.36,200.2654587143397
humana,2321,2219,83,19,1135,152.78,7.856351062091157
humidifier,188,183,4,1,123,25.48,25.48
hummer,123,123,0,0,97,0.0,27.599999999999998
humminbird,2707,2700,6,1,1464,581.74,786.5495870057911
hunter,420,404,10,6,273,268.81,41.498865246622074
huntkey,21087,20465,459,163,10174,16755.65,108.37141880475856
huntsman,856,838,15,3,547,130.5,42.204220862673964
huochu,4,4,0,0,3,0.0,51.14000000000001
hurakan,119,119,0,0,90,0.0,105.62697368421053
hurom,45,45,0,0,23,0.0,485.2616233766234
husky,1148,1128,12,8,579,1834.18,276.06318358394776
husqvarna,3517,3446,47,24,1908,9738.07,663.398993635117
huter,306942,289826,13482,3634,103553,600687.13,220.13060160302103
hycell,2573,2542,26,5,1527,77.41,12.424563676234392
hygge,21231,20665,387,179,9984,113197.62,648.9393089923473
hynix,139,138,1,0,107,0.0,36.302957317073165
hyper,1085,1038,27,20,563,1274.6200000000001,73.76492698520839
hyperx,83087,78875,3167,1045,36271,82319.19,94.0679320898561
hyundai,69236,66916,1762,558,31675,51164.96,152.7603375382697
i-baby,10758,10163,452,143,5855,5367.23,33.46798506476894
i-velo,8,8,0,0,7,0.0,669.0
ibaby,3451,3407,36,8,2028,1495.05,146.5487880490622
ibanez,2675,2634,21,20,1506,6506.1900000000005,295.62441204018364
ibili,1763,1760,3,0,1378,0.0,22.71711322484341
ibiscus,52,51,1,0,33,0.0,351.62000000000006
ibox,136818,131548,3821,1449,57619,119499.12,83.86925846605419
icepeak,21,21,0,0,17,0.0,310.00705555555555
iconbit,167,162,5,0,127,0.0,9.369758342922898
icutes,160,148,8,4,84,1473.4499999999998,370.3081481481481
id-cooling,16373,15914,356,103,6053,3277.48,37.860064364306396
idan,12,12,0,0,10,0.0,7.21
iddis,1980,1931,32,17,1023,1653.13,100.44966426837826
idea,11,11,0,0,9,0.0,76.9575
ideal,1010,974,31,5,743,38.5,7.733966144731275
ideallux,5,5,0,0,5,0.0,89.478
idealspaten,450,435,12,3,214,64.06,22.96386896532197
idillia,775,772,2,1,618,299.99,284.83405200433367
idrobase,2,2,0,0,1,0.0,982.81
iek,326,324,2,0,230,0.0,9.072809917355372
ifree,420,406,12,2,292,473.62,296.5077185396449
iglu,14,14,0,0,10,0.0,128.45
igrikizoo,71,71,0,0,36,0.0,14.701220512820512
iiyama,8750,8524,188,38,3565,8711.64,215.0319513518386
ikea,176624,173274,2548,802,80808,57534.119999999995,161.84929910094053
ikki,6784,6688,72,24,4623,1497.07,68.8078529048671
ikkm,2059,1988,51,20,1030,7979.6,398.98
ilash,8,8,0,0,7,0.0,6.671428571428572
ildi,1959,1943,14,2,983,260.12,182.089981975713
ilife,7717,7551,116,50,4303,12816.6,255.69958557412133
illumico,653,638,3,12,389,697.54,58.27713155893583
imattress,108,108,0,0,73,0.0,398.21638
imax,507,500,4,3,359,193.04999999999998,61.06190836334533
imctoys,1476,1422,41,13,775,806.03,66.02262943632782
imenza,40,40,0,0,32,0.0,380.2388793103448
imetec,296,287,7,2,172,77.12,28.66726376146789
impeks,43,43,0,0,34,0.0,187.88
imperia,10841,10752,35,54,6555,52806.06,977.89
imperial,147747,145590,1604,553,81780,294938.93,565.7735146623206
impex,876,857,15,4,502,724.61,161.23955582529615
imtoy,48,48,0,0,41,0.0,74.70941176470588
imx,12450,12208,148,94,7233,24681.32,265.81820791353243
incanto,84161,81402,2025,734,37192,115411.54,164.17096784957235
incar,7786,7673,87,26,4501,3944.75,172.59403778266127
incase,3,3,0,0,3,0.0,165.57333333333335
indesit,1019290,964559,40098,14633,305168,3718482.7,262.9212490204831
indiana,345,342,2,1,242,50.45,50.45
indigo,2882,2814,46,22,1915,1469.81,118.98834941345311
individuum,7,6,1,0,5,0.0,18.11
individuumpablising,19,19,0,0,17,0.0,17.471999999999998
individuumprint,19,14,3,2,7,21.98,10.99
industria,390,382,8,0,244,0.0,14.756772570357253
infantino,1914,1756,125,33,1165,1180.74,35.78
infinity,9537,9258,146,133,5904,13426.05,98.69737182648458
infinitynado,1268,1226,36,6,652,342.36,46.406050271115284
inflame,59,57,1,1,38,25.74,25.74
info,1553,1545,4,4,1272,796.92,182.90376598035215
ingersoll,435,430,3,2,270,229.09,110.84774069059722
inglesina,7996,7919,56,21,4950,6393.91,290.8824703681354
inhouse,14525,14048,360,117,8374,2189.95,17.883752702456842
initioparfumsprives,600,573,23,4,264,109.39999999999999,26.859371079032066
inkax,10963,10550,350,63,6253,809.34,7.9643374210610896
inmotion,243,243,0,0,156,0.0,658.6309260004472
innisfree,302,289,11,2,121,51.61,26.781473179377944
inoi,81262,78362,2132,768,39492,33844.71,46.68985427211622
inostranka,213,188,18,7,122,56.269999999999996,7.9943460188933875
inseense,30,30,0,0,27,0.0,1.7653846153846153
insight,2669,2594,55,20,1338,274.73,15.379919392512482
insinse,485,483,2,0,345,0.0,28.074859225987044
inspector,13516,13264,184,68,6062,12818.02,190.38605446817797
inspiwood,6,6,0,0,4,0.0,278.26
institutekonomiceskojpolitikiimenietgajdara,53,53,0,0,53,0.0,7.36
instyle,204,193,7,4,144,17.37,4.830897435897436
inswim,365,364,1,0,278,0.0,30.721261745661746
intego,16970,16572,294,104,9193,13886.26,121.27550916387648
intel,141548,138308,2467,773,49196,186489.39,327.7354855619972
inteli,38,33,4,1,21,19.31,19.31
inter,457,425,23,9,217,5643.36,627.04
interbaget,169,169,0,0,119,0.0,32.56
interlink,4,4,0,0,3,0.0,70.62
internedoors,7335,7182,124,29,3561,4590.3,166.47127237141447
interojo,14,14,0,0,11,0.0,28.955000000000002
interos,593,585,5,3,400,225.9,70.36298632727502
interskol,479,466,8,5,347,1347.85,285.517295751634
intex,173366,168428,3882,1056,77543,44262.47,85.19081502402919
intro,4772,4630,108,34,3033,533.4399999999999,29.53084473621989
invader,86,84,2,0,68,0.0,1544.44
invisible,14,14,0,0,13,0.0,8.018461538461539
invotone,8,8,0,0,6,0.0,30.89
inwin,14,14,0,0,13,0.0,311.95
iope,146,145,1,0,78,0.0,58.156272256728776
ipipoo,653,649,3,1,458,21.88,21.88
iplay,118,111,6,1,78,31.15,30.822105263157894
ipower,2015,1932,60,23,1161,114.71000000000001,5.651452008660659
iqmarketing,360,360,0,0,292,0.0,37.04
irbis,57076,55889,854,333,34152,25434.05,74.37083068955802
irest,2356,2208,120,28,1300,2549.0,93.4508768154922
irit,2078,2016,52,10,1304,85.27,19.22781326109242
iriver,294,292,1,1,219,172.36,172.76116666666667
irobot,31029,30628,291,110,13552,62435.28,792.2756049080351
irontrue,275,237,34,4,130,20.6,5.15
ismart,1,1,0,0,1,0.0,355.22
isntree,3564,3342,169,53,1365,1005.95,18.76020839173769
istarikomiks,73,71,1,1,43,9.86,9.86
italmix,2,2,0,0,2,0.0,218.025
italtrike,763,761,2,0,563,0.0,84.32261448173647
itc,265,265,0,0,189,0.0,52.39296722990271
iunik,33,32,1,0,21,0.0,18.53
ivaru,462,408,52,2,305,166.6,87.72963636363636
ivc,22,22,0,0,16,0.0,6.644666666666667
ivolia,385,355,22,8,143,617.6,77.2
ivt,15174,14934,148,92,7336,3090.38,35.7589895838178
ivy,126,125,1,0,103,0.0,5.41
iwalk,11356,10910,289,157,7561,2683.41,20.134047821548116
izdatelskijdommeserakova,25,25,0,0,23,0.0,11.541363636363638
izdatelstvoivanalimbaha,6,6,0,0,6,0.0,11.31
jabra,12374,11888,351,135,5420,5625.320000000001,60.733583931396375
jack,7120,6702,311,107,3076,42073.47,517.5824363281761
jackson,1877,1853,14,10,1004,2846.5099999999998,324.05097878375636
jacobdelafon,407,406,1,0,302,0.0,876.0019383360604
jacqueslemans,5680,5568,83,29,2619,4131.95,156.35372945471778
jade,70525,68622,1368,535,41719,123258.18,355.3239893971761
jaguar,108683,104442,3266,975,34650,134817.03,175.55706457761136
jakkspacific,365,364,1,0,272,0.0,96.84718567251461
jamo,17,17,0,0,12,0.0,679.4239393939393
janesper,9,9,0,0,9,0.0,20.59
janome,485825,462737,17579,5509,110289,1350971.48,271.03960518667213
japanparts,2,2,0,0,2,0.0,23.810000000000002
jarko,847,841,5,1,539,29.82,27.61936485065287
jasic,13957,13736,184,37,5890,21815.29,644.7710155861753
jasmine,7160,7104,44,12,4640,350.58,34.51798767998861
jata,502,502,0,0,363,0.0,75.16
jawbone,1396,1395,1,0,1024,0.0,137.791472435653
jazwares,771,762,7,2,504,68.96,29.074291151814517
jb,1131,1091,34,6,778,49.8,8.655886894732788
jbl,539013,505633,24140,9240,197013,617118.54,87.13556767421157
jeep,4066,3996,52,18,2114,2892.48,170.30210073232954
jeepwrangler,53,53,0,0,28,0.0,126.13
jekod,36,36,0,0,30,0.0,1.8802083333333333
jellyfishjam,23,23,0,0,21,0.0,17.92809523809524
jeneca,685,683,2,0,465,0.0,38.35
jet,58400,55456,2155,789,29474,25252.359999999997,31.656802170860992
jetair,4295,4206,61,28,2064,7986.54,192.73299609142367
jetem,2264,2246,13,5,1214,910.45,257.8824974975216
jetpik,11905,11559,258,88,4835,11750.789999999999,148.66054060623338
jeunepremier,185,185,0,0,142,0.0,24.471492757766345
jiada,52,52,0,0,35,0.0,12.478620689655171
jiaxingharleybabycar,5608,5507,92,9,3548,1926.96,214.1724703938277
jigott,372,362,6,4,198,19.0,4.818804736281372
jika,1290,1269,14,7,662,276.59,103.93462410804985
jimcarrey,1994,1828,132,34,920,416.27,10.708292036096303
jimmychoo,1047,996,41,10,626,492.04,186.76074021849877
jinga,34680,32475,1678,527,17548,11040.72,31.243377108749776
jinjianfeng,4884,4616,214,54,2288,1875.46,34.727091742819965
jinma,13,13,0,0,9,0.0,70.531875
jinyu,256,238,6,12,147,2992.35,260.07759205515265
jinyuan,998,937,49,12,475,1788.48,149.04
jio,35,35,0,0,22,0.0,35.92421052631579
jiuling,475,463,7,5,324,321.75,64.35
jjrc,344,341,2,1,180,43.5,43.996001857297635
jkexer,4318,4256,44,18,2320,18380.97,1068.150578313783
joby,291,280,8,3,177,75.73,22.523285571571286
jocelyn,285,271,11,3,188,11.31,3.77
jockey,3655,3510,116,29,2016,2768.6,96.44850563234581
joe,72,71,0,1,37,199.23,199.23
joerex,8078,7883,153,42,5434,948.93,25.119900635689802
johnnytheskull,164,163,1,0,111,0.0,52.49046135265701
johnrichardo,4273,4123,110,40,2888,3249.45,88.32997422725683
johnvarvatos,29,29,0,0,22,0.0,42.00142857142857
joie,96664,93406,2275,983,33482,154989.11,161.58204677391473
joieanglia,328,323,4,1,176,372.98,372.98
joker,333,324,7,2,211,195.62,97.81000000000002
joko,1624,1536,76,12,822,189.29999999999998,14.731134510052765
joma,138,138,0,0,100,0.0,72.07
jomalone,2151,2050,84,17,1143,478.78000000000003,26.53626241025732
jonnesway,6675,6658,2,15,4919,3980.79,256.7604147834333
joonies,974,857,92,25,497,322.13,12.856474530947256
jordan,53965,53540,302,123,40487,16344.68,122.29183041114156
josephjoseph,2917,2873,31,13,1757,777.86,47.89784715281038
jotta,1,1,0,0,1,0.0,28.31
joyor,2825,2759,42,24,1287,15271.94,574.7777671991383
joyroad,58733,52207,5189,1337,28581,58153.049999999996,43.2646574357862
joyroom,4915,4774,102,39,2760,518.65,12.434792090198972
jrc,214,214,0,0,169,0.0,36.117654320987654
jsq,86,84,2,0,58,0.0,25.48
juanna,7,7,0,0,5,0.0,34.79
juki,4954,4872,64,18,1927,6502.66,539.651888935763
julbo,676,658,15,3,376,210.31,91.59419974429792
julong,339,324,11,4,223,1604.39,399.90537037037035
jumper,1334,1333,1,0,1002,0.0,1853.33
junama,886,875,8,3,574,2085.0,671.9389844342932
junglefieldtroop,339,339,0,0,228,0.0,22.053452803107056
junte,206,197,7,2,133,30.88,15.439999999999998
jupiter,2456,2423,26,7,1312,6600.19,1577.3495248697836
jura,7410,7355,45,10,5094,11399.960000000001,1490.3995315994198
justcavalli,22,22,0,0,18,0.0,179.93
juteks,5,5,0,0,5,0.0,4.92
juventa,1858,1818,34,6,1047,440.68,113.26378507737155
jvc,157994,152624,3787,1583,67055,110480.25,91.82679296074771
k-lite,524,459,63,2,237,15.4,7.699999999999999
k-power,662,657,3,2,453,2208.56,1104.2710857142856
k-star,2695,2618,55,22,1473,13212.68,623.3205703501483
k.k.y.,659,653,0,6,364,87.27000000000001,14.187783627884718
kabrita,8585,8072,361,152,4215,4383.64,27.270494914760757
kaceli,3,3,0,0,3,0.0,15.839999999999998
kacper,517,509,6,2,377,316.92,158.2140049261084
kaemingk,18452,18297,136,19,12800,2118.3,442.5619919978799
kaemingkbv,14199,13975,177,47,8980,5448.87,339.6858733397717
kafekrasoty,280,272,8,0,195,0.0,3.1860604052305086
kaier,612,561,33,18,353,6692.58,375.7623838729609
kaierda,219,219,0,0,167,0.0,242.63614444444445
kainar,4921,4401,365,155,2056,9770.65,56.930869848824024
kaisavilla,134,133,1,0,101,0.0,110.47824603174602
kaiser,13177,12978,137,62,6951,18843.23,649.926383095163
kajsa,5,5,0,0,5,0.0,18.02
kakadu,174,173,0,1,134,12.25,12.25
kala,141,141,0,0,111,0.0,51.21999999999999
kale,977,953,16,8,601,1100.8,118.80762384680176
kaledomino,13,13,0,0,8,0.0,44.09625
kalenji,210,208,2,0,162,0.0,48.36962997256516
kaleos,112,110,1,1,88,280.9,332.3901652930403
kalibr,77,77,0,0,48,0.0,55.7370625
kama,66,63,3,0,42,0.0,353.68
kambrook,511,488,19,4,316,258.87,67.97047391177966
kampfer,1487,1462,23,2,996,208.74,141.79638378687244
kamskaaposuda,216,209,5,2,128,72.69999999999999,39.044987281237276
kangkang,424,403,16,5,231,64.35,12.87
kanizea,16,15,1,0,9,0.0,41.16
kanzler,1266,1247,15,4,1006,352.12,339.17507792127566
kapika,17561,17026,428,107,9916,5822.26,51.07221777196456
kapitoska,7,7,0,0,6,0.0,8.24
kaplanser,564,541,20,3,405,304.0,99.74072344331253
kapous,6690,6512,163,15,3527,93.82,5.522910732386052
kapousprofessional,8476,8151,276,49,3447,191.69,3.739630349188886
kapsen,147605,136572,8223,2810,74449,140994.14,49.3396018417414
karadium,27,27,0,0,19,0.0,21.671764705882353
karaja,3602,3551,30,21,1958,389.72,20.018748552902842
karapuz,1520,1490,25,5,1099,97.42,23.645408291542743
karat,67031,65812,887,332,26813,15712.27,49.560006037448304
karavaevskaauf,709,686,19,4,498,1199.52,299.88
karcher,442824,425414,13338,4072,146500,1027407.25,261.155995459227
karerapress,4,4,0,0,4,0.0,12.0
kari,2196,2129,59,8,1315,47.150000000000006,6.361144909702765
karma,449,445,4,0,247,0.0,979.6995967098167
karmen,5902,5849,45,8,3539,1315.32,181.6200144383045
karo,21,21,0,0,18,0.0,5.044
karras,17,17,0,0,12,0.0,14.0474
kartal,64419,63448,751,220,26710,51574.99,236.79828752233036
karya,197171,193470,2542,1159,57699,63007.73,60.37398843935061
kashiyama,14,14,0,0,13,0.0,20.59
kastamonu,2929,2855,54,20,1598,328.06,16.259827032121436
kasuga,298,296,1,1,261,56.22,56.220000000000006
kativa,5234,5103,95,36,2909,437.59000000000003,13.276136541749379
katun,528,527,1,0,380,0.0,61.53899203689031
kawai,2665,2571,66,28,1217,32810.5,1168.672682346972
kawasaki,3254,3111,111,32,1570,3418.19,105.92636963704265
kayser,217,216,1,0,93,0.0,9.507497222222222
kazakparat,76,75,1,0,47,0.0,18.12
keddo,2056,2046,3,7,1433,331.66999999999996,56.46243318900975
keenetic,1236,1202,30,4,558,202.29000000000002,52.66038609450548
keenway,6770,6718,47,5,5483,131.92000000000002,24.254225143316848
keeway,83,83,0,0,52,0.0,1566.4775412311267
kef,3242,3224,14,4,2020,4823.72,1198.6144128106225
kehan,261,258,1,2,185,169.88,85.01100000000001
kelet,1406,1394,10,2,784,175.6,737.5465002187159
kelli,13922,13481,315,126,9275,4674.99,36.697774319791755
kelly,784,740,35,9,493,3448.93,359.7304650551469
ken,1578,1565,11,2,902,162.18,125.35643829259968
kenda,5,5,0,0,3,0.0,237.0233333333333
keneksi,2370,2327,34,9,1596,131.73000000000002,14.679104107401102
kenwood,298033,289170,6461,2402,109490,521993.12,249.62117283266954
kenzo,25785,24789,692,304,11995,19034.44,68.09932418197323
keramin,6,6,0,0,4,0.0,34.428333333333335
kerastase,3247,3164,55,28,1490,1740.06,60.74438842254099
kerasys,5365,5151,168,46,2554,217.02,5.351026337880294
kessler,916,911,4,1,712,2372.0,2372.0
keter,9815,9543,199,73,5067,9554.78,142.09450926998156
kettler,3847,3806,24,17,2565,15236.61,1162.6943551431884
keumkang,87,82,5,0,51,0.0,29.6
keune,4361,4266,59,36,2436,1127.74,31.083332916175898
kgb,828,802,20,6,494,509.64,84.94
kgc,1015,996,16,3,746,2463.39,814.1718239355581
khancomics,101,90,9,2,71,8.58,4.201944444444445
khw,162,159,2,1,121,86.72,132.96173820371547
kia,5,5,0,0,3,0.0,1635.83
kicker,378,376,1,1,257,509.67,262.4464155708181
kicx,115043,111714,2105,1224,41384,88410.66,70.98665198859702
kiddieart,4596,4091,382,123,2570,3026.79,24.237146148070977
kiddy,830,826,3,1,591,179.77,197.99018497090987
kidi,2714,2647,50,17,1380,1011.63,59.10846180720316
kidkraft,79,79,0,0,68,0.0,682.13
kidwood,32,32,0,0,27,0.0,407.8
kidzconcept,28,28,0,0,22,0.0,24.999444444444446
kiepe,1585,1574,8,3,949,168.19,49.064381296191826
kikreplika,1,1,0,0,1,0.0,259.47
kilemkhan,30636,29742,665,229,8233,34755.63,151.7832645703595
kilemkhanmoonrise,61,56,5,0,32,0.0,146.64649999999997
kilemkhanotto,6,6,0,0,6,0.0,219.24
kilmat,1900,1889,10,1,1542,20.59,20.59
kinder,42,42,0,0,34,0.0,1.93
kineticsand,79,79,0,0,54,0.0,19.899537037037035
king,30652,29476,823,353,17243,48803.64,139.36062975316702
kingleen,339,334,4,1,203,16.47,16.47
kingmax,880,872,6,2,514,45.26,40.868701562852166
kingmeda,120,118,1,1,86,11.71,11.71
kingroy,378,375,3,0,320,0.0,18.53
kingrun,3,3,0,0,3,0.0,92.67
kingslong,935,903,21,11,626,432.43,40.59295535190738
kingsong,1216,1212,1,3,710,5976.99,1379.6107313497068
kingstar,9,9,0,0,9,0.0,40.8325
kingston,286351,268470,13301,4580,101171,207014.98,104.98377737447757
kingtony,6073,5900,137,36,2969,3647.74,138.9224423903713
kingtul,14646,14288,258,100,9252,6012.05,60.727493602076436
kink,3186,3135,37,14,1590,5350.52,374.0781094788682
kinklight,442,423,14,5,249,51.5,17.250064848731515
kinlee,259,259,0,0,195,0.0,68.21
kipardo,77565,75523,1519,523,41048,189186.54,389.87300062371105
kipling,188,188,0,0,139,0.0,109.45900253292807
kipocket,3417,3289,92,36,2393,453.96,12.609999999999998
kipor,855,852,2,1,477,341.59,958.7440219089408
kipsta,824,805,14,5,552,180.17000000000002,35.61105049789795
kirkland,11150,10116,793,241,5392,7124.27,26.72912161444552
kirovit,223,220,2,1,155,93.43,105.26637656641603
kirovskaakeramika,25,24,1,0,17,0.0,30.419999999999998
kisswill,5249,5173,67,9,3997,16.71,2.0169354861161772
kitap,1,1,0,0,1,0.0,10.04
kitchen,66,63,3,0,26,0.0,37.58
kitchenaid,42807,42464,261,82,20124,46136.92,725.9193963943364
kite,136,135,1,0,107,0.0,79.61249238095238
kitfort,193376,186944,4679,1753,79423,193966.08,118.52545772320133
kiturami,11222,10962,147,113,3800,66822.95,737.9211775879163
kivi,229061,213892,10564,4605,92083,1199912.7,261.38998996395134
kk,4012,3840,148,24,2454,6280.21,290.54898999124384
kladez,211,190,16,5,136,45.36,8.849540290119238
klavuu,28,28,0,0,23,0.0,37.107619047619046
kleancolor,590,558,27,5,381,33.97,6.051464776602708
klever,593,583,9,1,476,30.89,25.494365635895164
klima,16836,15971,619,246,6250,43130.79,208.9610542162955
klorane,2001,1958,33,10,1263,79.75,8.783147783869023
kloranebebe,3,3,0,0,2,0.0,10.17
klx,321,312,7,2,237,15.4,7.7
klymit,222,221,1,0,138,0.0,81.34836839530332
kmk,4365,4309,44,12,3116,2916.09,241.33401123975847
kmz,1479,1446,23,10,1029,334.65000000000003,33.08869226151799
knauf,1815,1751,51,13,1124,59.97,4.620851447866788
kodak,551,529,15,7,277,871.02,139.42125050442695
kodi,32,32,0,0,23,0.0,3.26
koelf,725,674,36,15,438,202.35000000000002,13.329319821622823
koffer,1284,1281,2,1,819,285.52,327.65414450930643
kogaz,286,285,1,0,161,0.0,534.0175920029791
kohala,469,455,11,3,287,208.5,76.17288099674653
kokiri,67,67,0,0,45,0.0,15.42
kolag,119,115,3,1,72,79.68,59.92449261083744
kolibri,12691,12568,85,38,5973,19251.68,644.9505708722835
kolner,71354,69657,1291,406,40065,14512.81,40.265328043992625
kolo,1391,1361,21,9,695,1618.52,181.27424027360203
kolpasan,144,142,1,1,101,232.31,232.19021276595745
komfederacia,54,52,2,0,38,0.0,7.261989247311828
komfort-s,31655,31362,195,98,18168,23574.06,276.2737999361366
komilfo,505,486,16,3,357,45.87,14.508869623365614
komitekslin,8144,7517,575,52,3784,187.20000000000002,3.6000000000000005
kompasgid,26,26,0,0,23,0.0,14.964722222222223
kompasgidid,21,21,0,0,17,0.0,13.325
kona,407,404,2,1,255,437.59,489.9758751463421
konami,756,695,50,11,507,594.33,54.03
konig,87,84,2,1,68,669.26,711.38
konlega,3486,3428,37,21,2016,3778.53,321.9931959150645
konoos,273,269,2,2,239,78.04,39.522375000000004
konov,1129,1116,9,4,764,725.87,181.07266666666666
kontent,14,14,0,0,13,0.0,5.42
kontinent,3541,3479,49,13,1512,383.61,51.281483574449126
koopman,12953,12695,197,61,8644,1212.19,38.944194955368836
koowheel,1,1,0,0,1,0.0,324.1
kora,109,107,2,0,63,0.0,7.72
korda,45,45,0,0,35,0.0,26.13
korg,5679,5614,44,21,2936,19275.88,800.4898731305642
korin,431,412,10,9,283,929.99,104.14804903429905
kormoran,38191,35305,2193,693,21215,41101.21,58.18591018877347
korpus,102,102,0,0,90,0.0,13.238265765765766
korting,2554,2532,16,6,1199,1007.36,436.1297747220657
kosadaka,421,418,2,1,298,9.29,9.29
kose,27,27,0,0,17,0.0,4.89
koseckamari,2,2,0,0,2,0.0,33.99
koski-myski,1,1,0,0,1,0.0,40.74
kosmos,215,215,0,0,172,0.0,17.55265325670498
koss,4388,4271,89,28,2612,1566.3,41.961775489849586
kovea,4273,4231,27,15,2351,910.89,76.94218317686885
kovi,865,829,32,4,415,2601.67,686.1874405821311
kovroff,5564,5464,75,25,3320,156.35999999999999,4.6154224223514015
kpt,1582,1502,59,21,731,3961.74,190.72591549295774
kraftform,126,125,1,0,114,0.0,133.32130952380953
kraftool,1972,1963,7,2,1459,270.27,124.77677246810717
kramer,198,196,2,0,148,0.0,73.59682315574722
kranzle,1222,1216,6,0,819,0.0,976.5704755879336
krasatoys,2181,2164,11,6,1289,266.18,51.84025065750761
krasnaaglina,72,71,1,0,41,0.0,22.599090909090908
krasnaapresna,690,657,25,8,464,228.99,33.296308125702865
kraton,69,68,1,0,55,0.0,61.547250000000005
krause,6170,5909,187,74,2012,6515.73,105.34308739111734
kress,963,954,6,3,621,332.03999999999996,114.61765039708403
kristal,17519,16715,590,214,7825,47928.69,252.51744795053995
krk,3134,3062,48,24,1688,13137.6,625.7662615681992
kroft,8,8,0,0,6,0.0,31.660000000000004
kromax,956,922,29,5,529,97.57000000000001,27.67312141821593
kron,25,25,0,0,19,0.0,57.61466666666667
krona,65,63,2,0,28,0.0,352.581014957265
kronasteel,5851,5753,64,34,2169,5226.98,143.37996733686302
kronopol,385,381,4,0,264,0.0,20.017467809523808
kronospan,19508,18662,757,89,8292,1367.71,15.29588797085465
kronostar,150,150,0,0,105,0.0,15.166408730158732
kronwerk,1128,1119,7,2,640,431.32,312.37811043549107
kroskaa,732,728,4,0,517,0.0,46.12414269959717
kroskindom,29,28,1,0,21,0.0,16.863177083333333
krosno,591,571,8,12,458,113.67,9.499519373125992
krups,2938,2890,29,19,1702,9478.71,610.3019699101743
kskids,497,492,5,0,414,0.0,24.70957883621233
kstar,200,187,9,4,74,275.05,76.1902512987013
kubanfarfor,4219,4197,19,3,2311,131.67000000000002,47.26759924565786
kuchendorf,22,22,0,0,19,0.0,24.645
kudu,108,108,0,0,104,0.0,27.529999999999998
kugoo,28541,28028,334,179,11679,85219.58,495.6713109262957
kuhar,304,302,1,1,234,249.0,212.03766010860483
kukmara,50767,48398,1733,636,24297,23754.09,38.81363854564975
kumano,174,162,9,3,102,21.5,7.373619047619048
kumanodeve,4,4,0,0,3,0.0,3.3466666666666662
kumfo,4668,4522,102,44,2720,3352.24,76.35131912388319
kumho,24272,22444,1450,378,13097,24691.02,69.29210944578388
kumtel,632,627,4,1,493,55.1,55.891205235784
kunlun,357,320,23,14,187,4154.54,302.0235553569607
kupajsaiigraj,35,34,1,0,25,0.0,2.96
kuppersberg,5201,5156,34,11,3082,6157.9,972.098865888565
kuppersbusch,2174,2172,1,1,1581,1408.02,1551.010610144384
kupu-kupu,55,54,1,0,43,0.0,24.691813725490196
kuqidai,16,16,0,0,13,0.0,48.659230769230774
kursiv,56,50,4,2,35,18.02,9.01
kurzweil,31270,30198,804,268,12645,258343.12,999.2464541852471
kuttenkeuler,2574,2534,24,16,1377,475.04,28.271082923928553
kvant,867,859,6,2,598,2123.6099999999997,1099.732273637525
kx,11225,10874,232,119,7373,4105.56,33.83974148667714
kyocera,556,552,2,2,336,846.7,454.96398753140795
la-di-da,1835,1826,8,1,1152,38.73,43.05333555931949
labiotte,42,41,1,0,25,0.0,55.78436
labirint,89,89,0,0,69,0.0,6.848375
labo,543,542,0,1,342,77.22,135.86675924758686
laboratoriaznanij,5,5,0,0,5,0.0,11.22
lacoste,54025,50910,2328,787,20696,37374.57,49.656573504908415
lada,577,552,25,0,390,0.0,5.741417721518987
ladida,5171,5065,77,29,3050,1000.59,34.23732726292633
lador,465,455,8,2,258,24.62,12.464540323064915
ladybug,14,14,0,0,12,0.0,59.67
lagirl,283,277,6,0,196,0.0,18.02
lahn,1346,1317,23,6,854,202.99,39.724038579567626
lakme,944,912,27,5,459,64.32,17.253343110262488
lalaloopsy,263,255,5,3,201,27.85,9.24901004805592
lalique,9717,9316,297,104,3854,4793.2,54.15178038431502
lamarkahome,209,207,1,1,141,36.46,34.49693362193362
lamart,51,51,0,0,45,0.0,10.174444444444445
lamborghini,231,229,2,0,176,0.0,189.66344023323614
lamel,98,91,4,3,68,17.04,5.914782608695652
lamelprofessional,196,184,10,2,126,11.82,5.305404831932773
lanard,1103,1085,15,3,752,83.58,21.603908012024235
lancaster,204,193,8,3,101,85.36,35.63014326160016
lancome,40217,37718,1852,647,15808,41339.75,91.53293027459017
landsail,1238,1099,103,36,663,1915.91,51.47322618952958
laneige,174,170,3,1,99,33.98,39.257474810764286
lange,1040,1022,17,1,593,203.09,158.0176549571796
lanikai,21,21,0,0,18,0.0,109.23625
lanvigator,24,24,0,0,17,0.0,149.3
lanvin,144598,134358,7321,2919,61476,126479.05,43.1888262314301
lapkin,78,78,0,0,63,0.0,12.523055555555556
lapocka,221,214,7,0,138,0.0,2.6615676037483267
lara,7428,7195,186,47,3708,1398.74,28.72825199250555
larktale,217,216,1,0,175,0.0,318.5795367930344
laroche-posay,1260,1225,31,4,570,49.43,13.457501435993027
larocheposay,452,440,11,1,256,8.31,18.3296012987013
laromano,42,42,0,0,32,0.0,41.19
larsen,16196,15344,631,221,8126,9619.12,46.39024087861976
lashologist,56,56,0,0,48,0.0,2.979
lassa,85,84,1,0,56,0.0,68.30162666666666
laston,37476,36676,554,246,17482,31334.84,131.73076936058857
latinpercussion,147,137,7,3,79,1945.23,223.58941017814095
laudio,1990,1922,43,25,970,3338.62,130.2303386729866
laufen,4067,4018,34,15,2193,3635.9500000000003,506.48943208057517
laumafabrics,65,65,0,0,60,0.0,14.23
laurastar,7281,7080,147,54,3733,65471.67,1459.8907688241407
lauravalarosa,23,23,0,0,22,0.0,91.89
lauravalorosa,386,351,31,4,185,410.84,103.34554891802726
lava,236,236,0,0,130,0.0,135.77025341656451
lazso,30,30,0,0,24,0.0,9.873999999999999
lbl,457,447,8,2,236,79.8,39.9
lcf,4448,4304,111,33,2273,645.3199999999999,18.81718115067023
leadbros,25448,24012,1000,436,9383,98195.04,221.6805957988904
leader,6586,6176,312,98,3003,10433.86,104.81576211659204
leaderkids,3662,3509,109,44,2250,1544.44,39.38722738456393
leagoo,815,815,0,0,609,0.0,149.48343655947227
lealelo,19,19,0,0,17,0.0,52.77
leatherman,13264,13037,164,63,6053,9211.11,194.2042737279983
leco,456,454,0,2,345,201.62,93.42191973486229
ledavenue,19,19,0,0,16,0.0,69.5
leeblese,1,1,0,0,1,0.0,1.67
leeco,4383,4379,4,0,2600,0.0,357.71597391677165
leecooper,538,520,15,3,270,139.78,45.06406926211009
leefitness,4093,3845,183,65,2226,11971.68,184.18612985641892
leem,4098,4084,9,5,2870,1734.67,376.7658978797099
lefard,867,866,0,1,421,7.23,40.77089144309026
legeartis,6037,5916,110,11,4152,4730.01,435.371572889869
legkiesny,113,112,1,0,68,0.0,42.040140740740746
lego,300354,290754,7708,1892,120403,111159.88,77.37008412332736
legrand,665,654,10,1,433,37.95,37.357406293226184
legre,57041,54846,1779,416,30172,33042.13,81.48412855268775
leica,3329,3292,23,14,1921,2311.19,626.8997686054705
leicos,364,352,11,1,190,4.76,4.623555341055341
leicos-leiya,19,19,0,0,12,0.0,8.24
leicosleiya,32,30,2,0,21,0.0,8.205333333333334
leiya,303,299,3,1,186,8.24,7.787662131519275
leki,20,20,0,0,16,0.0,205.67
lel,392,384,5,3,267,695.01,249.12480095068332
lelabo,22,22,0,0,18,0.0,514.81
lele,75,68,7,0,57,0.0,133.85
lem,290,283,6,1,189,11.95,12.32013387846721
lemaks,1030,975,44,11,475,3423.0,312.68863636363636
lemark,16282,15785,364,133,6152,14828.09,123.34942838233236
lembu,5,5,0,0,5,0.0,20.21
lenizdat,2,2,0,0,2,0.0,8.96
lenovo,1698547,1631350,47361,19836,462051,7637159.82,528.7430354783539
lenso,742,736,5,1,583,1003.89,1003.89
lenta,413,413,0,0,302,0.0,26.9671109805624
leo,6417,6292,92,33,2626,3206.4500000000003,154.94406612288796
leonbergo,13,13,0,0,8,0.0,35.144999999999996
leone,397,365,27,5,227,386.1,76.97345263157895
lepota,595,590,5,0,312,0.0,21.260051470588238
lesozavod,3838,3803,34,1,2146,163.99,257.0244495709142
lessar,270,267,3,0,183,0.0,362.30090399610134
levante,295,295,0,0,210,0.0,664.5043614457832
leven,516,497,14,5,292,66.43,13.723489640130861
levenhuk,39336,38578,585,173,15555,15165.49,153.28704600527684
levrana,1185,1157,25,3,707,22.14,7.0496879414605225
lexand,189,188,1,0,151,0.0,23.210227272727273
lexmark,2158,2126,12,20,1235,1390.0,79.54602339181287
lexustrike,184,171,11,2,103,180.14,90.07
lezard,1866,1839,19,8,1026,109.65,16.37584302984731
lg,2603251,2453580,111874,37797,798368,15381792.35,465.28078440969216
libbey,58,57,0,1,38,3.76,3.76
libero,343,334,6,3,262,797.6600000000001,468.39826370851375
liberty,196,193,2,1,117,592.04,616.7096834813021
libtech,358,344,13,1,193,488.82,450.1730670403281
lider,119516,116653,1908,955,58403,398318.77,412.87758306785526
lidonet,15295,14903,277,115,5253,3854.43,28.89861471703042
liebert,62,62,0,0,50,0.0,593.3628034188034
liebherr,2567,2545,16,6,1569,6201.92,1110.1706907883975
lifedeco,3160,3103,36,21,2231,1469.25,562.2906846761501
lifegear,56,54,2,0,20,0.0,560.5124242424242
lifetrons,1155,1152,3,0,849,0.0,25.3860247114044
light,2349,2308,34,7,1491,839.73,115.46979492781806
lihom,753,748,4,1,407,232.78,236.56205443345291
likato,23,23,0,0,13,0.0,9.27
likatoprofessional,1241,1129,71,41,722,481.24,13.250297587753664
likebook,123,116,5,2,78,12.04,6.219226053639847
lilwoodzeez,344,344,0,0,244,0.0,55.270080295087176
lina,2085,1983,70,32,1162,1153.28,36.04
linda,1,1,0,0,1,0.0,47.9
lindsay,43,43,0,0,21,0.0,6.819999999999999
line,5236,5114,81,41,2233,2008.31,57.364520274774655
lingua,426,414,8,4,284,27.45,8.069330834853721
lioele,111,108,2,1,75,12.9,14.633769696969697
lion,75,75,0,0,46,0.0,8.9365
lipsmacker,44,41,2,1,27,3.47,9.158888888888889
liquimoly,144,141,2,1,90,50.71,50.71
lirene,5204,5012,142,50,2439,269.73,5.024979844598995
listvig,5849,5710,112,27,3134,2477.06,112.1375996399473
lite-on,1453,1406,31,16,794,689.79,71.0793528790365
littleangel,5,5,0,0,3,0.0,67.36
littlelivepets,15,15,0,0,13,0.0,36.81
littlestpetshop,64,63,1,0,49,0.0,38.511907894736844
littletikes,4,4,0,0,3,0.0,30.12
liujo,75,75,0,0,63,0.0,183.23342857142856
liv,2626,2573,44,9,1406,2875.48,311.18097592033587
livdelano,841,799,37,5,477,16.990000000000002,5.094886332919477
livebook,104,101,3,0,84,0.0,10.121458333333333
livnynasos,114,114,0,0,85,0.0,1388.0180751262626
llarri,649,627,15,7,376,803.3899999999999,150.4260252533517
llocker,433,421,9,3,339,83.4,27.8
llorens,79519,76970,1822,727,27127,33696.82,48.415804930886644
lm,2,2,0,0,1,0.0,771.58
loctek,1273,1252,15,6,658,128.84,46.44413175442805
logitech,83338,79687,2851,800,36976,54459.27,104.95417006205177
logona,206,204,1,1,157,12.48,12.479999999999999
logosfera,117,96,17,4,60,41.6,11.425723404255319
lol,14957,14561,347,49,9915,4054.4,76.25844634966967
lolsurprise,7826,7434,295,97,4349,10328.65,92.13281239005853
lom,1115,1108,7,0,786,0.0,27.321753406081104
lombok,110,109,1,0,85,0.0,13.567014925373135
londa,1545,1506,31,8,986,244.06,22.46939890424594
lonex,2126,2104,15,7,1217,1174.29,279.952714794493
longines,28841,28531,224,86,12992,133141.17,1586.026111388182
longstyle,1688,1629,43,16,1067,3652.31,228.3366393442623
longway,16137,15839,187,111,5420,11742.14,125.11947098413599
lord,1288,1219,62,7,607,57.66,7.816809622289902
loreal,2786,2716,55,15,1719,111.34,6.451271240520108
lorealparis,512,492,13,7,350,73.96,10.369045928807008
lorelli,127448,123813,2608,1027,48882,74816.1,77.85832706040826
lorelli-bertoni,16633,16247,227,159,8020,11518.76,72.38645466092927
lorellibolgaria,1945,1899,29,17,1159,3085.02,155.53848210655084
lori,1822,1806,14,2,1333,102.46,26.158695804421768
lorus,8773,8650,88,35,3994,3017.8,78.70569684360512
lostkitties,138,135,3,0,79,0.0,18.56760119047619
lotos,4075,4009,54,12,1686,3931.8599999999997,351.605446117137
louiserard,3871,3851,18,2,2234,3315.4,1947.2140093517812
lovecoil,81,76,5,0,58,0.0,4.24295
lovular,2068,1903,127,38,1033,704.48,15.77840025921961
ls,126,121,5,0,93,0.0,256.5608513986014
ltd,3,3,0,0,3,0.0,290.87
luazon,171,171,0,0,130,0.0,25.039319976771196
luazonlighting,280,278,1,1,187,18.6,14.455585616883118
lubereckiekovry,2057,2045,10,2,1151,176.38,60.56128876997718
lubimyjdom,1139,1134,0,5,851,1155.18,785.2906871404799
lucalighting,19925,19526,314,85,11319,1761.17,25.456600542745793
lucente,3110438,2972841,89746,47851,923366,12017325.82,247.41481834563757
lucentesilver,1706,1689,14,3,1241,450.21,141.73718958968422
luceregalo,16,16,0,0,11,0.0,46.64545454545455
luciasvetlaa,1,1,0,0,1,0.0,476.2
luckyjohn,300,297,3,0,220,0.0,23.67513849206349
lujun,311,307,3,1,237,64.35,64.50031385281385
lukas,2325,2238,62,25,1425,3083.87,135.12024215809134
lukoil,19,19,0,0,15,0.0,14.516666666666667
lukojl,480,472,7,1,254,94.74,118.48007162392759
lumene,12833,12346,369,118,5948,1428.22,12.82806896740949
luminarc,315583,308998,4667,1918,92729,123481.85,79.91192442386931
lumion,558,549,6,3,350,88.53999999999999,30.315944857654898
lumme,8543,8397,113,33,5226,911.18,28.8371705648654
luna,4,4,0,0,2,0.0,195.63
lunecase,1988,1955,21,12,1729,546.05,45.66712340495996
lunkerhunt,197,194,3,0,162,0.0,11.300000000000002
luobeier,25,25,0,0,18,0.0,20.141111111111112
luris,4656,4611,36,9,2770,223.03,33.80324654058751
lutian,2581,2553,18,10,1430,7498.03,1072.3582191437658
lux,60566,59812,529,225,28574,25519.64,119.14437756863084
lux-tools,233,233,0,0,159,0.0,388.0216109422492
luxell,18857,18323,417,117,7646,7159.900000000001,79.90383358345277
luxking,44,44,0,0,34,0.0,109.4284375
luxor,55,55,0,0,39,0.0,42.101858974358976
luxuryconcept,306,280,20,6,199,345.96,57.66
luxvisage,9577,9303,215,59,4831,198.46,3.6184166350614975
lykan,20,17,2,1,4,34.75,34.75
lysva,241,234,6,1,118,149.71,135.47680417321126
lysvenskieemali,378,376,1,1,271,48.84,51.597772021456805
m-audio,23989,23032,644,313,11640,39308.35,138.94823569713105
m-wave,206,189,13,4,110,449.69999999999993,111.12511863999487
maak,2835,2792,38,5,1457,312.5,56.25101151473157
maakavto,15,15,0,0,11,0.0,46.37
machaon,17437,16726,513,198,10164,5588.49,29.847933632438476
machete,8394,8189,144,61,4450,3384.81,55.90742692662782
machineboy,341,336,4,1,245,4.88,9.17425388808722
mackie,118,115,3,0,78,0.0,565.0067999999999
maclaren,1094,1077,14,3,586,853.4300000000001,362.1166211451006
maclay,452,446,5,1,293,23.72,29.672472859977322
mad,1503,1495,4,4,1121,128.07,52.092648066382274
madamecoco,2353,2238,90,25,1180,812.59,19.962030406569948
madcat,591,584,4,3,408,153.85,36.142550693899686
madguy,232,230,1,1,189,38.61,28.134186738648946
madina,908,853,36,19,494,867.52,45.76314653025414
maestro,5513,5400,83,30,3557,1535.1499999999999,49.81099189581956
magaudio,36,36,0,0,29,0.0,347.31115384615384
magellan,7421,7240,129,52,4261,845.98,16.046507204002477
magformers,1066,1039,24,3,531,176.51999999999998,79.73725241021448
magiazolota,948,911,32,5,614,1063.96,394.23702183442276
magic,567,536,27,4,300,97.06,24.58373720485244
magicbeartoys,1108,1037,58,13,715,441.5,36.79799742677922
magicblooms,1,1,0,0,1,0.0,13.26
magicstones,3864,3728,88,48,2108,10492.36,252.23630678086286
magictrack,678,665,9,4,533,140.91,33.25800969001128
magkijson,141,141,0,0,97,0.0,32.944490049751245
magma,1920,1748,132,40,916,4542.89,117.12320852935271
magnat,37,37,0,0,26,0.0,84.94
magneticbike,413,401,9,3,250,386.04,128.68
magnetta,124541,121669,2178,694,47988,161555.66,264.99341685478555
magniflex,115,114,1,0,64,0.0,116.82
magnit,81,79,2,0,59,0.0,22.74062337662338
magnitoj,186,183,2,1,132,31.62,31.62
mahaon,18,18,0,0,11,0.0,7.159999999999999
maidou,275,267,7,1,133,38.59,42.02
maisonfranciskurkdjian,3336,3222,80,34,2088,7611.46,436.7616265645383
maisto,5620,5526,72,22,3644,621.0699999999999,29.700667142474963
maja,222,216,5,1,149,58.17,59.86918367346938
majescogames,182,182,0,0,159,0.0,41.16
mak,3808,3712,79,17,2585,14003.53,917.5534140784238
makarena,185,185,0,0,165,0.0,230.75884057971012
make-upatelier,2184,2068,97,19,1152,963.49,49.857836537342166
makeblock,3284,3250,19,15,2182,5098.61,419.1272705348889
makers,746,735,11,0,503,0.0,116.69984198377003
makita,205166,201362,2744,1060,77097,293529.64,317.27121304511996
makstton,286,285,1,0,240,0.0,516.110145909646
malamalama,104,102,1,1,71,4.97,6.801126666666667
malka-zmalka,149,149,0,0,106,0.0,5.512923351158645
malushen,2338,2324,8,6,1844,508.14,84.69
malva,326,320,4,2,213,9.91,2.8738519132858755
malvacosmetics,342,326,14,2,230,10.3,3.9092340623791606
malys,198,195,2,1,144,7.92,11.37376877851878
mam,74,74,0,0,59,0.0,65.5223717948718
mamadoma,6214,6068,103,43,3288,4006.54,91.2920650406969
mamako,243,234,7,2,144,47.1,26.81217549117549
maman,997,992,3,2,736,143.42000000000002,78.36505284672883
mammie,612,612,0,0,509,0.0,45.19997675548852
mammut,5337,5113,139,85,2546,3384.85,39.53541655853909
mamut,151,145,3,3,80,53.28,17.76
manaus,1467,1434,25,8,1181,1326.16,165.77
mancera,12029,11608,293,128,4752,14737.4,125.80510016233988
manfrotto,7595,7426,119,50,3745,10065.32,422.33965216321184
mangokids,2,2,0,0,2,0.0,32.69
manhattan,2255,2175,56,24,1511,523.1,17.406660560020622
manke,3268,3203,49,16,1943,4460.0,253.30370499461694
mannivanoviferber,6,6,0,0,6,0.0,15.331666666666665
mantra,12994,12893,80,21,6745,2513.15,150.56358557331555
manuoki,3099,2757,257,85,1555,1157.46,13.618535865625578
maomaoku,19732,19316,269,147,10188,50097.3,345.5106410452224
maono,320,290,19,11,159,705.55,66.3760466916806
mapei,509,507,2,0,350,0.0,7.639020031528593
mapex,5572,5514,45,13,2655,9123.789999999999,1028.1108477426194
marcella,5089,4938,107,44,2673,5080.41,117.26315258128176
marcher,60,58,1,1,45,45.48,322.66533333333336
marching,284,260,18,6,168,216.23999999999998,36.04
marcjacobs,457,453,2,2,326,332.65999999999997,227.29055244486054
marcomen,17988,17711,155,122,11811,9731.01,74.54562318517095
marcomenti,27245,26938,227,80,17867,12234.52,153.79479764021454
marcotozzi,2322,2256,52,14,1726,784.1,53.32003396734775
marcotozzipremio,1056,1034,19,3,708,194.86,65.78536823313138
mariaiskusnica,58,58,0,0,33,0.0,20.90522222222222
marianplast,289,289,0,0,253,0.0,61.519999999999996
maribel,12816,11936,645,235,5765,26178.760000000002,109.45006106166294
mark,60,59,1,0,40,0.0,44.351647619047625
markbass,759,740,12,7,311,7166.48,985.9328922770428
marker,68,68,0,0,50,0.0,489.2193518518518
market,26,26,0,0,18,0.0,7.2
markjacobs,85,81,4,0,53,0.0,53.899899122807014
marko,17,17,0,0,16,0.0,66.93
markwins,1711,1686,24,1,932,6.02,18.491533315680435
marley,3096,2960,109,27,1422,1556.4,66.5690213605759
marmiton,623,599,17,7,437,50.03,6.958730384919064
mars,2704,2560,115,29,1372,1338.94,60.51827927765997
marshal,6550,6473,38,39,4812,2368.07,62.142886535219716
marshall,69302,66141,2321,840,28289,94587.22,155.54708861115296
mart,71770,68124,2801,845,29949,43580.21,93.01573250028412
marta,3211,3170,34,7,2337,177.47,23.50651856713287
martinex,1,1,0,0,1,0.0,23.14
martinez,91,90,0,1,48,128.19,153.71950498575498
maruemsta,102,98,2,2,65,20.58,10.29
marusa,454,453,1,0,329,0.0,79.50382133099141
marvel,236,233,3,0,166,0.0,35.2947372748779
masaimedved,261,253,6,2,209,10.89,11.934716317129583
masei,4817,4813,1,3,4164,925.89,308.63
masi,411,403,8,0,192,0.0,589.8165772357723
masima,434,412,15,7,188,288.33,40.009787234042555
massagie,2524,2418,80,26,1580,863.46,33.21
masseffect,1344,1255,71,18,658,247.07999999999998,13.984622542653085
masstone,11424,10643,613,168,5553,3047.7,16.55902104467677
mastela,5678,5456,164,58,3269,4178.469999999999,72.03011298924237
master,4423,4356,45,22,2958,1899.34,140.2498392608497
masterbrilliant,4838,4726,81,31,2840,13706.83,506.0083729330709
mastercraft,522,513,8,1,398,38.35,119.79248321161596
masterfish,519,517,1,1,328,89.62,92.59417929489584
masteriq,1212,1161,37,14,671,228.24999999999997,12.89256694666747
masters,25,25,0,0,20,0.0,23.515454545454546
masteryard,580,577,0,3,343,1891.95,1184.1752316742827
mastrad,382,382,0,0,299,0.0,54.689289113553116
matador,231625,208878,17466,5281,108997,342210.63,65.01756637254108
matebo,14,14,0,0,10,0.0,23.47
mateus,9865,9514,270,81,4153,22689.99,284.37408963852766
matex,34,34,0,0,31,0.0,22.08909090909091
matrix,101191,99165,1472,554,56483,32015.43,70.23568508555705
matrol,127953,122523,4172,1258,55035,111331.76,110.32617561995941
mattel,62704,60371,1935,398,28521,11744.93,37.633771958992206
mattnawill,739,717,16,6,471,463.32,79.74924803442691
mauboussin,751,722,22,7,420,391.49,55.38114209539641
maunfeld,18599,18098,366,135,8269,21024.25,183.89259697800298
mauricelacroix,345,327,12,6,159,6598.86,785.6953666738317
max,6958,6631,232,95,3706,5725.0,61.33101136407869
max-pro,40,40,0,0,33,0.0,129.31866666666667
maxcare,7,7,0,0,7,0.0,1.67
maxchristmas,4,4,0,0,4,0.0,31.72
maxcity,2427,2301,97,29,1498,1253.59,41.906834827735835
maxcolor,347,341,4,2,231,154.44,77.22
maxfactor,418,390,25,3,252,24.17,7.122350825178556
maxi,784,751,20,13,387,393.04,30.510141990096074
maxi-cosi,4091,4056,23,12,2000,2188.35,238.72993155050222
maxima,8719,8458,208,53,5015,1667.63,31.988708707995464
maximumpowernutrition,12,12,0,0,9,0.0,56.217777777777776
maxion,524,524,0,0,385,0.0,351.56340548891313
maxler,24014,22904,771,339,9339,8827.25,24.18833528944422
maxmara,379,372,5,2,304,608.51,304.8738231926407
maxpro,2874,2676,146,52,1274,21148.399999999998,406.7
maxtrek,25003,23973,779,251,15106,17280.54,67.90975561760574
maxvi,41608,40444,872,292,18934,4157.65,18.03206603588994
maxwell,236878,224727,9205,2946,121838,88301.97,30.00570297448713
maxxis,195103,180599,11203,3301,86555,256498.32,87.49389105974338
maybellinenewyork,607,574,29,4,389,22.17,7.547515119870384
maysternya,32,32,0,0,20,0.0,34.596
maysun,363,354,8,1,225,67.93,101.12941644018488
maytoni,607,595,8,4,356,333.55999999999995,88.65276171290166
mazzini,28283,25246,2457,580,14102,23882.07,44.17373845269473
mbs,7212,7011,154,47,3305,5145.48,119.20992218373677
mc,338,332,5,1,230,41.74,59.61740693765157
mccan,184,175,8,1,106,321.73,321.73
mcculloch,457,452,4,1,313,253.11,182.28566839881918
mcfr,661,632,24,5,437,96.55,19.31
mdlab,118,118,0,0,89,0.0,144.15
mdv,523,510,11,2,280,206.32,410.2366716811194
meade,13836,13530,226,80,6448,13667.63,508.0243910929999
meanlove,234,233,1,0,206,0.0,7.7
measy,632,631,1,0,398,0.0,128.7
mebberi,7563,7430,102,31,4008,25822.24,825.06601172227
mebbery.kz,150,150,0,0,102,0.0,468.43
mebberykz,1187,1183,2,2,716,1281.83,642.9916129032258
mebelazii,13806,13547,206,53,8464,9286.08,346.75686679339054
mebelcon,86,83,3,0,53,0.0,70.63211178107608
mebelev,2438,2410,21,7,1605,3410.62,487.4380096308186
mebelgrad,10659,10355,236,68,7855,3323.84,48.88
mebelloft,19,19,0,0,14,0.0,146.7247619047619
mebels,2125,2057,58,10,1374,1215.0,121.5
mebelservice,7903,7713,159,31,5279,10782.52,355.1261537832805
mebelson,21685,21451,189,45,13850,9052.48,247.61458901110214
mebelswow-rn,14816,14319,386,111,8494,11044.9,100.23254137787654
meccano,60,60,0,0,47,0.0,42.549471544715445
mecta,1377,1358,13,6,935,262.56,37.31949423468321
medalist,2409,2329,56,24,1022,2614.46,101.2653839657013
medela,2683,2633,32,18,1646,2258.9700000000003,117.8234063780212
medeli,6017,5861,111,45,2734,17694.13,546.8296110414506
mediheal,871,819,35,17,496,403.57,9.860069865926668
medisana,5,5,0,0,5,0.0,43.732
medtextile,1806,1732,57,17,849,181.42,12.087392947913171
medvedko,21,21,0,0,10,0.0,18.63392857142857
mefferts,145,142,3,0,102,0.0,7.106130769230769
mefro,2447,2350,85,12,1540,640.94,75.73180750358699
megasaurs,264,259,4,1,198,8.96,14.922398561507936
meguin,911,904,4,3,538,46.839999999999996,15.276896421426374
mei-cha,13,13,0,0,11,0.0,4.5
meike,170,166,2,2,132,158.24,79.12
meinl,2506,2415,66,25,1342,1844.59,59.00646300264566
meizer,1494,1403,86,5,1022,16.35,3.4487895544399363
meizu,594157,573494,14125,6538,214025,790951.51,152.57395716521663
mekkan,966,962,2,2,637,116.66,62.70589542705006
meliconi,246,241,4,1,145,39.13,39.13
melidadi,357,355,2,0,267,0.0,11.804851709401708
melissadoug,136,131,3,2,110,47.599999999999994,25.485557596632223
melitta,14729,14399,264,66,8131,11426.99,364.63330997382326
mello,7,7,0,0,4,0.0,12.69
melomanpublishing,6,6,0,0,5,0.0,7.7
memo,1958,1934,18,6,987,1509.25,329.7026601838004
mengbadi,368,367,1,0,257,0.0,21.69
mentor,753,731,19,3,597,84.87,28.258105590062115
merach,874,855,13,6,460,3281.9399999999996,519.4070454312251
mercedes,7223,6961,171,91,3979,20982.79,232.5895011901372
mercedes-benz,83,80,2,1,47,51.06,51.06
mercedesbenz,4893,4645,196,52,2771,6428.8099999999995,122.8626975308642
mercury,14134,13900,164,70,6287,105116.46,1579.4324072596105
mercusys,1649,1621,22,6,872,158.04,19.04055074572693
merealni,1680,1647,26,7,1231,211.07,37.714651811378346
merejbaspasy,668,604,52,12,432,138.96,11.664748704881616
merelani,115292,113534,1265,493,52018,40375.82,97.89090492661198
merida,173,172,1,0,108,0.0,580.45
merkurij,1761,1678,65,18,794,3681.57,204.61342562370237
merlin,72,72,0,0,59,0.0,47.589999999999996
merries,9108,8339,493,276,4635,5231.4800000000005,19.030302110091057
merry,1476,1452,21,3,830,88.05,29.59826674787811
merrylock,992,970,18,4,477,2141.87,561.1764815569253
mersco,6044,5668,281,95,3721,7987.06,83.30477385297185
mersedes-benz,1522,1459,47,16,866,3188.9900000000002,203.61792323972796
merzuka,574,572,1,1,430,27.6,33.112385391830394
messer,135,134,1,0,95,0.0,573.597113507961
metabo,42840,42509,256,75,19822,21714.23,485.1887842228775
metalac,16,15,1,0,8,0.0,92.42
metalions,3954,3825,109,20,2675,1248.35,49.116509437990764
metallicgear,27,27,0,0,25,0.0,124.19052631578947
method,383,379,4,0,296,0.0,1405.9132872474747
metoo,130,125,5,0,91,0.0,13.385220588235294
metoyou,261,234,23,4,152,30.39,9.9588
metrot,2980,2948,26,6,1886,331.51,54.279993266580156
metsui,1790,1747,26,17,1159,859.95,53.85638559275596
mexx,4463,4265,149,49,2418,978.48,19.38194656992631
meze,67,63,4,0,37,0.0,58.543437499999996
mezizdat,48,42,5,1,31,6.23,5.032820512820513
mfmaster,103,88,10,5,49,484.6,105.24676470588236
mgaentertainment,3291,3180,88,23,2116,4001.65,349.5467905600933
mgaintertainment,350,345,4,1,230,14.16,77.38839015873016
mhp,192,179,11,2,116,76.96,36.42879563492063
mi-mi-miski,5,5,0,0,4,0.0,22.39
mibb,3546,3534,4,8,2495,2676.79,454.5984509059936
mica,354,353,1,0,254,0.0,33.33332683150183
micallef,282,279,3,0,157,0.0,142.5777217257256
michaelkors,6202,6069,93,40,3698,12130.210000000001,297.7249686130366
michelin,158835,149363,7078,2394,75540,293896.79,126.11643433959317
micio,2144,2086,34,24,1146,2568.93,110.8910537240235
micmax,2879,2749,86,44,1325,942.18,24.602272534350423
micro,2232,2189,33,10,1064,999.98,103.2899191125918
microfire,960,955,5,0,517,0.0,262.0085731575218
microids,4,4,0,0,3,0.0,43.73
microlab,102134,97667,3095,1372,31087,74183.77,66.24441434921809
micromax,2170,2157,12,1,1619,84.85,82.75560862823673
micron,320,317,1,2,153,292.92,199.29515876863564
microsoft,104009,99680,3167,1162,46427,362298.22,422.05932447045217
microsoftxboxone,343,322,17,4,217,308.8,77.2
micuna,2692,2681,8,3,1869,1959.47,533.8971478891399
midea,683329,642856,29817,10656,256371,1555240.57,196.2516244557869
mideer,355,352,2,1,267,12.97,25.507389657856763
mido,4856,4824,26,6,2438,4557.12,1068.8900792624959
midou,58,58,0,0,33,0.0,38.59
midzumi,207,204,3,0,138,0.0,135.85119648869647
miele,2123,2058,48,17,942,4314.86,336.31036646399946
miescarpe,68,67,0,1,49,10.04,10.04
mif,8432,8284,116,32,4261,8802.48,309.59821343958697
mifold,359,359,0,0,266,0.0,61.52
mig,36,35,1,0,25,0.0,24.342678571428575
miif,2556,2461,78,17,1733,285.78000000000003,13.742376164279118
mijia,8418,8210,149,59,5369,4762.37,80.79252343242771
mikasa,604,562,37,5,253,296.0,59.2
mikma,57,54,2,1,39,33.78,28.10812026862027
mikrotik,1492,1471,17,4,738,219.15,58.01702056239511
milan,134,134,0,0,103,0.0,28.684338001867413
milano,4457,4347,91,19,2507,3395.06,396.67527286264595
milat,10078,9962,96,20,5583,5854.59,168.81856796666528
milavitsa,106558,105752,622,184,43487,4716.64,30.540484152110743
milight,858,851,7,0,428,0.0,7.006900802900803
military,28,28,0,0,20,0.0,61.13117647058824
milk,76,71,5,0,54,0.0,2.101269841269841
millenium,59,59,0,0,46,0.0,72.07
millet,473,465,6,2,299,262.04,134.22881569469376
millionaire,25023,24426,441,156,16058,11887.039999999999,72.22255098726163
milwaukee,11860,11790,50,20,5209,4141.13,504.57151008920073
mima,7688,7633,34,21,4924,8518.09,681.0826470687632
minecraft,996,952,40,4,669,45.2,8.31240254945464
minelab,1678,1658,14,6,858,5637.21,963.3134279113278
minerva,6197,5877,255,65,3646,4811.04,70.65475759535735
miniland,1,1,0,0,1,0.0,106.28
minimen,1514,1495,15,4,1028,158.57,41.93742010304491
minimotors,4237,4179,47,11,2066,16880.73,1684.8156079946511
minizone,225,206,14,5,100,58.449999999999996,14.672018777518778
minony,32,32,0,0,29,0.0,20.538681818181818
mio,8580,8430,120,30,4214,3755.12,124.44226906002335
miolla,704,700,3,1,473,92.12,64.56122649425724
mioshi,156,151,4,1,131,2.02,2.02
mipow,3,3,0,0,3,0.0,64.33
mir,28,24,3,1,14,385.85,386.9225
miracase,1195,1131,53,11,762,269.95,22.255129087192522
miracle,200,198,2,0,142,0.0,11.616383303938859
miracletrees,113,113,0,0,100,0.0,922.6438481116585
miraculous,1495,1453,36,6,882,91.28999999999999,22.108929141865424
mirage,11363,10806,373,184,6323,14583.11,69.32893446994552
mirax,143,141,1,1,75,27.92,25.87748108747045
mirdetskihplosadok,85,85,0,0,66,0.0,657.9300000000001
mirex,72,71,1,0,51,0.0,45.828709677419354
mirodel,70,69,1,0,45,0.0,27.04719654528478
miromaks,48,47,1,0,39,0.0,22.45344827586207
miromax,50,50,0,0,35,0.0,20.204375
mirra,188,187,1,0,128,0.0,96.07713930348258
misfit,503,502,1,0,372,0.0,256.9606766917293
missha,21930,21268,476,186,9909,4214.22,23.380673363112585
misstais,41,40,1,0,31,0.0,1.6700000000000002
misty,3381,3287,63,31,1737,3411.17,125.82829126483217
mitas,65,65,0,0,51,0.0,271.43895962732915
mitasu,10782,10540,186,56,5579,1442.43,25.516706896187024
mitre,1101,1091,5,5,775,284.45,59.14523809523809
mitte,493,485,6,2,329,45.26,22.63
miumiu,59,59,0,0,49,0.0,61.802926829268294
mizon,469,448,19,2,233,26.389999999999997,13.228703827882658
mjx,1165,1153,5,7,779,3313.12,473.2088657890291
mltl,9848,9844,4,0,5043,0.0,35.43152511520649
mmicallef,238,215,13,10,108,1982.05,233.16120790628688
mobil,17599,17168,282,149,8843,4623.11,30.962978571935686
mochtoys,1503,1436,47,20,845,4296.16,220.8136518680578
modern,4787,4472,221,94,2762,2652.93,92.15532983615246
mof,84,82,1,1,69,29.34,29.32148148148148
mojangelok,1301,1275,19,7,680,467.62,77.53507576946862
mojdodyr,542,529,8,5,421,622.54,372.3818371986377
mojmalys,323,320,2,1,235,76.19,89.75769356261023
moldabela,29699,29183,349,167,13515,25248.36,145.30478418568475
molfix,64,64,0,0,36,0.0,5.6691071428571425
moliabal,9447,9357,64,26,5964,869.6899999999999,38.26538850438636
molodaagvardia,5,5,0,0,3,0.0,12.81
molodecnomebel,1012,1004,8,0,643,0.0,1306.7410708176535
molten,683,658,21,4,378,491.39,98.37895701971232
molto,52,52,0,0,42,0.0,14.967125000000001
momentum,1927,1912,11,4,718,572.47,154.57602431418923
momert,4444,4331,92,21,2746,1205.15,53.202052467710324
momi,45,45,0,0,39,0.0,25.009464285714284
monchhichi,451,451,0,0,368,0.0,30.919318158953725
mongoose,568,538,26,4,358,789.73,196.87281782604478
monis,11,11,0,0,9,0.0,11.67
monisstil,254,236,12,6,167,132.3,21.767443204699784
monitoraudio,671,668,3,0,403,0.0,1516.9103637581093
monix,35,35,0,0,25,0.0,21.326666666666664
monkey,316,312,2,2,233,82.38,41.19
monro,2581,2551,23,7,1216,209.04,31.52341444513591
monsher,32,32,0,0,21,0.0,165.135
monster,637,631,4,2,461,172.0,67.3436719797381
monsterjam,449,441,5,3,340,97.97999999999999,32.66
montale,190249,181364,6134,2751,74412,257861.8,100.32734106837816
montblanc,33716,31836,1389,491,12950,22848.2,67.21673394812768
moo,203,197,5,1,167,87.93,87.93
moon,4661,4566,65,30,2848,12238.76,318.28159659447084
moongmbh,525,524,1,0,346,0.0,325.8338010973854
moony,3323,2981,224,118,1538,2230.3399999999997,18.81959724663955
moonybaby,2705,2620,59,26,1376,3029.02,118.60274055403808
moose,4151,4065,68,18,2290,453.01,25.881222287538503
moov,2518,2511,5,2,1993,102.82,51.41
mooveandfun,551,548,3,0,475,0.0,108.47822048611111
mopeksbel,1485,1402,60,23,1045,177.1,7.7
mora,5056,4970,63,23,2542,2220.45,93.99766182602201
morakniv,20,20,0,0,10,0.0,19.101999999999997
morel,9441,9289,83,69,4365,5520.87,129.9538464128089
moroshka,65,65,0,0,52,0.0,5.15
moschino,51134,47219,2737,1178,24222,55552.2,51.54078790553098
mosconi,684,676,2,6,460,3397.8,652.4385897611459
moser,14131,13619,363,149,4400,11588.89,81.14190633583162
moshi,112,112,0,0,100,0.0,13.506478873239438
mostykultury,1,1,0,0,1,0.0,12.81
motivyotdyha,230,229,0,1,179,360.6,360.6
motorcraft,55,52,3,0,30,0.0,6.7565
motorguide,6197,6143,45,9,2650,1766.8200000000002,275.5985158622703
motorola,11885,11623,187,75,5692,8781.89,130.26623076289718
motul,6721,6565,111,45,3182,1783.81,37.933168629515755
moulinex,191868,184412,5345,2111,74480,247715.87,128.70680433066053
moulinvilla,352,339,8,5,205,107.53999999999999,24.62402250865624
moxom,2400,2358,32,10,1485,281.46,24.906559517467453
mozaika-sintez,43,43,0,0,31,0.0,10.905688405797102
mozer,388,376,10,2,229,30.38,15.19
mozgamebel,458,452,5,1,286,187.13,247.68142069327732
mr.fun,1,1,0,0,1,0.0,463.33
mr.pixel,121,118,2,1,69,17.93,17.6725306122449
mrm-power,586,571,13,2,293,376.93,189.7363028169014
msb,7,7,0,0,6,0.0,316.58
msi,172945,168662,3164,1119,72959,619447.34,702.8600140627897
mstar,435,429,5,1,263,16.74,48.09971819684056
mth,143,142,1,0,83,0.0,271.4822271622935
mtx,3614,3407,160,47,1641,3490.0099999999998,69.9682571306464
muimui,51,51,0,0,34,0.0,70.39862068965517
mujjo,40,40,0,0,31,0.0,49.12333333333333
munchkin,26,25,1,0,22,0.0,20.289761904761907
muqaba,229,224,2,3,180,17.94,5.398286172161172
muqajankz,23038,22510,394,134,12182,4967.99,35.858768213962676
murager,6294,6001,241,52,3223,7361.78,184.72884767595602
muravej,144,139,4,1,102,25.74,25.74
murcia,58,58,0,0,50,0.0,27.39
murella,32,32,0,0,23,0.0,54.18
murena,17,17,0,0,9,0.0,233.66666666666666
musclepharm,1061,1012,34,15,570,1352.29,75.52244440896392
muscletech,2695,2603,56,36,1396,1667.16,47.26605714407691
musicroom,2599,2581,15,3,1509,2316.66,977.6263652674928
must,256,254,2,0,142,0.0,411.1144262633624
mustang,5,5,0,0,4,0.0,33.46
mustela,1732,1655,64,13,693,218.02,16.732353769099706
mutant,27362,25858,1018,486,12001,21573.44,42.512654180646685
mutlu,14649,14014,463,172,5393,17646.71,109.50974866566911
mutsy,444,439,0,5,291,4.5,609.4464560889136
mw-light,154,154,0,0,123,0.0,55.67443944738389
mydean,4405,4370,25,10,2917,1711.74,200.01100042488432
mykita,101,101,0,0,75,0.0,681.4688571428571
mykronoz,29798,29109,503,186,14671,16897.54,96.72189611726354
mylittlepony,397,385,8,4,253,163.94,34.03139010364652
myprotein,69680,68435,925,320,37806,15366.49,39.9132681501621
mystar,1633,1611,17,5,1093,4504.5,900.9
mystery,18175,17826,194,155,10471,16492.97,65.67560411771053
mz,6896,6751,117,28,3938,931.24,42.37561394229258
nacon,1290,1270,9,11,873,1274.13,115.83
nada,567,560,5,2,504,83.6,46.976600106108606
nadoba,2080,1914,100,66,1119,7273.01,128.49218537552687
nady,81,80,1,0,56,0.0,27.51
nagano,119,119,0,0,84,0.0,350.5812400468384
nakamichi,33880,33017,573,290,17833,23714.72,89.14267856945682
namazu,646,643,2,1,430,16.59,18.593866290812837
nanga,6468,6426,39,3,4726,108.11,33.1319479365032
nania,12614,12372,164,78,4809,4882.78,64.46939776040942
nannic,3,3,0,0,2,0.0,40.8
nanotex,126,123,2,1,53,226.52,226.52
naomi,843,783,47,13,419,1594.93,130.4227997693057
napoleon,147,146,1,0,84,0.0,364.29
naranda,331,316,10,5,142,432.46,99.61027921983609
nardi,49,49,0,0,35,0.0,480.761
narodnyerecepty,435,405,28,2,281,3.08,1.2327905325526685
nasbro,80,77,3,0,59,0.0,23.343603603603604
nascitaprofessional,2270,2175,69,26,1046,825.38,23.88533361613856
nasomatto,14433,13863,404,166,7921,27865.61,171.21766010171567
nathan,50,50,0,0,39,0.0,128.45
native,26861,26481,270,110,18715,15853.2,144.12
natrol,5825,5606,139,80,2485,986.86,12.513458268656025
natur,1284,1258,23,3,892,46.81,13.232566399392988
naturakamchatka,40,39,1,0,33,0.0,2.0460714285714285
naturalist,109,98,7,4,72,7.2,1.74925
naturasiberica,671,651,16,4,388,9.8,4.5836836590698855
naturehike,12772,12612,119,41,6528,2479.47,87.38062783646812
naturepan,14,14,0,0,13,0.0,47.646153846153844
naturerepublic,227,220,4,3,128,30.509999999999998,15.08867149758454
naughtydog,2141,1968,137,36,1417,565.32,17.870705220713074
navi-box,5,5,0,0,2,0.0,257.41
navien,71793,66263,4047,1483,20669,947500.74,665.6604775418498
navigator,191,188,3,0,120,0.0,12.3285
navitel,46297,44979,956,362,23694,35072.07,95.49463575997841
nazadkistokam,433,428,4,1,283,12.23,24.33799474961436
nec,2,2,0,0,2,0.0,123.01
neff,55,55,0,0,42,0.0,942.0141666666667
nella,343,340,3,0,250,0.0,21.99959203324403
nellaotvaznaaprincessa,16,15,1,0,11,0.0,59.88
neman,2584,2565,15,4,1927,3313.3399999999997,1461.6414219113162
neo,49753,49352,304,97,22228,52233.31,672.3376387983338
neobio,8,8,0,0,7,0.0,4.27
neoclassic,1231,1164,52,15,784,96.77,6.4639557386539
neocoregames,14,14,0,0,7,0.0,27.49
neoline,176351,170057,4716,1578,68369,248065.6,164.21076148272238
neposeda,7022,6846,128,48,3982,1239.32,25.720530734443358
neptun,677,668,5,4,407,89.48,28.15824021830872
nereus,40,40,0,0,28,0.0,77.85132205513784
nerf,3781,3627,121,33,1559,1315.9,53.418006231686476
nero,961,937,16,8,568,232.07999999999998,29.159915797190173
neskucnyeigry,207,206,1,0,158,0.0,29.831002040816326
nestogen,12374,11504,639,231,6747,1706.13,7.4832755672221465
netechnics,73792,72912,582,298,35193,230721.08,783.6084336656967
netgear,286,285,1,0,193,0.0,98.58092878401361
netis,225,222,3,0,165,0.0,18.510366972477065
neumann,873,855,13,5,498,3864.31,823.3510575182579
neva,5873,5793,69,11,2515,10059.13,958.1020750609026
neva-taft,1584,1541,36,7,837,395.06,65.17823348253654
newbright,284,275,5,4,215,164.64,41.16
newco,14,14,0,0,12,0.0,204.55
newport,24,24,0,0,23,0.0,223.71272727272728
newsuntoys,10,10,0,0,9,0.0,18.5
nexen,90291,84727,4146,1418,44445,100026.53,74.307391296282
nexpero,135417,133050,1465,902,76902,65679.45,72.15070312120062
next,6479,6192,188,99,3289,6904.99,58.37218043253503
nexttab,22864,22159,490,215,10923,11275.8,53.916879381553805
nexttool,259,255,3,1,179,68.13,86.96734535596417
nexxt,80,79,1,0,46,0.0,5.077435897435897
ngk,3364,3182,161,21,1117,132.3,7.740079884419862
nibk,1,1,0,0,1,0.0,19.31
nicalis,1,1,0,0,1,0.0,15.42
nicecooker,15196,14490,524,182,9142,16679.79,73.70594807595471
niche,104,102,2,0,86,0.0,1621.66
nici,531,520,7,4,397,14.93,3.7371532846715327
nickelodeon,2,2,0,0,2,0.0,17.72
niio,3405,3238,119,48,1481,1524.85,35.49547314363504
nik,13474,13300,133,41,8074,21456.21,722.1063079095701
nika,336248,314813,16154,5281,98877,234446.48,47.90996576023376
nikai,690,654,28,8,379,140.0,17.5
nikakids,373,372,1,0,220,0.0,62.44876516962975
nikanplus,76,73,3,0,51,0.0,10.27
nike,352211,348260,2666,1285,180574,135442.28,108.73767137457007
nikon,107711,103114,3325,1272,39781,579951.97,597.0356166658861
nikotex,6347,6303,23,21,4360,2032.03,108.63476145667339
nillkin,17872,17556,246,70,13233,443.78000000000003,7.367738025079461
ninaricci,15,14,1,0,10,0.0,56.42999999999999
ninebot,5598,5468,92,38,3126,22724.53,556.371544607979
ningbo,88,85,2,1,63,40.07,40.12763888888889
nintendo,43906,42737,748,421,23052,117183.56999999999,267.69583298256777
nioxin,1833,1790,28,15,1096,638.4399999999999,42.424307497217434
nirmal,268,250,16,2,141,6.7,3.311481481481482
nishane,161,158,3,0,100,0.0,226.6
nissan,540,539,1,0,380,0.0,706.3495681820173
nitecore,8585,8406,140,39,3047,2748.16,62.45319459204401
nitro,16170,15828,234,108,9859,29687.13,280.1702979331207
nitto,19479,18397,799,283,11131,22234.32,80.62318716570134
nivea,8555,8180,282,93,4338,321.08,3.9881736269806853
nixx,389,386,1,2,244,234.24,110.69121840140537
nizegorodskaaigruska,73,72,1,0,48,0.0,14.8
niznekamsksina,6499,5833,548,118,3666,4588.78,44.68995857805501
nmp,104,104,0,0,82,0.0,57.378797222222225
nobby,6233,6070,123,40,3436,841.4399999999999,19.230005089765257
nobleroyale,197,191,6,0,92,0.0,25.74
nobu,871,868,2,1,631,283.15,283.15
nocnezna,7742,7503,179,60,3450,1869.95,41.19228274405309
noctua,219,218,1,0,144,0.0,52.23190579710145
nodor,530,530,0,0,283,0.0,686.7766675790718
nokia,717174,684706,23841,8627,257091,755394.5,120.4613686690839
nokian,563266,514172,36224,12870,230872,960880.3099999999,81.07979647247879
noktamakro,7569,7343,178,48,2882,18594.02,491.4020448877909
nomad,631,629,0,2,498,133.8,59.518527983898345
nomi,152,150,1,1,86,105.28,105.57918032786885
noname,6,6,0,0,4,0.0,572.99
noopies,369,360,6,3,272,129.23,43.04482928601079
noordi,29,29,0,0,20,0.0,528.3972222222222
noppies,24583,24474,86,23,18178,732.85,45.64803769829659
noppiesbaby,226,223,3,0,190,0.0,21.019217821782178
nord,2590,2528,53,9,1506,447.67,48.883195866117205
nordica,581,579,1,1,351,437.33,373.20341339564413
nordictrack,846,843,3,0,575,0.0,2522.59
norfin,90758,89415,1066,277,44051,16780.16,130.2807159590814
norman,40,40,0,0,26,0.0,475.40474637681166
normann,1718,1642,59,17,917,437.58,25.104870938105925
norplast,710,673,32,5,470,161.93,32.06511368511369
nortec,2139,2051,73,15,1308,1068.9,102.62556857786517
northcoast,274,273,1,0,211,0.0,797.5766673177478
noryalli,4091,4051,33,7,2828,209.28,30.862780791898714
notbad,301,289,10,2,140,20.08,10.416444745348839
note,4267,4157,86,24,2459,261.94,9.810431963056212
novaavysota,148,144,4,0,58,0.0,163.17572548036756
novabright,16,16,0,0,11,0.0,49.05
novatex,13988,13817,135,36,9485,2503.09,85.41937404135336
novatrack,1306,1269,28,9,771,1385.08,138.848009519171
novigo,5641,5617,20,4,4349,2970.37,684.813418644402
novline,31429,30548,692,189,18950,5278.54,27.80335028013233
now,4537,4313,161,63,1971,1112.33,19.199248970813617
nowodvorski,67,67,0,0,57,0.0,78.55094444444444
nowystyl,213,213,0,0,155,0.0,335.26295312499997
nubia,7904,7852,37,15,4887,2248.66,153.01306539025651
nuforce,36,36,0,0,28,0.0,88.05749999999999
nuk,656,648,7,1,437,24.14,40.81998931087586
numark,168,166,2,0,101,0.0,62.637169217687074
nuna,6647,6431,138,78,3179,17488.23,233.94245141438068
nuovabattipav,185,184,1,0,140,0.0,61.34627134146342
nurpress,43,43,0,0,32,0.0,1.419375
nutrend,3375,3267,89,19,1667,283.28,28.539287604560528
nutrex,10052,9702,236,114,3747,3226.54,28.16555584399457
nutribullet,1633,1585,35,13,689,880.33,88.73432076759636
nutricia,6989,6309,467,213,3424,1760.12,6.90483619211949
nutrilak,455,445,7,3,253,14.25,5.230692388460681
nutrilon,24240,22760,1058,422,10906,5156.23,12.164904687681174
nux,486,481,3,2,310,1441.48,613.2800306571049
nuxe,5392,5227,122,43,2475,1033.65,20.684965011821493
nvidia,736,732,3,1,490,102.94,102.94
nvp,24,23,1,0,15,0.0,6.8689285714285715
nvprint,40,40,0,0,27,0.0,22.010277777777777
nyce,849,845,1,3,563,122.52000000000001,49.00988419359908
nyne,101,100,1,0,77,0.0,209.1706896551724
nyxprofessiona,390,373,14,3,255,48.66,16.22
nz,4520,4395,91,34,2849,7241.85,189.60474347934633
nzxt,5084,4963,84,37,2510,6129.849999999999,166.6509319806695
oase,257,255,2,0,171,0.0,77.1366275
oasis,184276,173434,8232,2610,55276,99189.89,45.29427015238089
obi,7182,7124,45,13,4573,4200.24,343.7656095918477
obsessive,2825,2817,6,2,2497,40.68,20.34
ocag,362,347,12,3,188,1917.5100000000002,574.7794548490564
ockel,1,1,0,0,1,0.0,344.9
ocz,391,374,11,6,196,394.32,71.64146723646724
odeonlight,192,190,2,0,117,0.0,60.828498243083445
odri,60,60,0,0,52,0.0,12.787027027027028
ogiz,395,374,17,4,273,55.709999999999994,12.251670397421725
ogreen,222,196,13,13,100,2407.29,184.21773427471115
oitez,1184,1155,23,6,787,289.91,50.82196168582376
okalan,29,27,1,1,21,15.44,15.44
oklick,470,456,13,1,251,22.62,25.931371742770548
okuma,9443,9231,134,78,4204,4497.8,54.91388912886698
ol-tex,857,844,11,2,504,116.13999999999999,50.87750893377829
oleo-mac,47,47,0,0,34,0.0,355.12438888888886
oley,2442,2377,55,10,1623,978.1,97.76356163617034
olimp,241,236,5,0,149,0.0,14.839437984496124
olimp-biznes,161,156,4,1,130,21.51,15.341737373737374
olimpic,438,420,17,1,261,20.39,20.39
olivella,765,726,27,12,429,111.92,11.142597794541208
oliviabambino,33,32,1,0,22,0.0,141.59645833333335
ollin,2295,2227,56,12,1223,82.88000000000001,7.276645540314334
olmeko,7315,7169,100,46,4781,8664.89,273.14694351764814
olmio,35897,34560,880,457,19222,17486.47,34.69912370652873
olsa,956,922,30,4,529,1687.65,330.305964470963
olss,56,55,1,0,43,0.0,111.84335714285714
olto,14370,13663,496,211,7974,7185.13,59.296237562810305
olympus,4157,4078,48,31,2460,19953.86,425.39034971053536
oma,64,64,0,0,31,0.0,579.5935269578905
omabelle,252330,250279,1319,732,107975,1084596.91,1488.887918290267
ombra,40003,39659,304,40,27504,11962.789999999999,293.8433900946322
omero,6632,6571,42,19,3872,1516.51,100.16498402265735
omnilux,99,95,3,1,21,68.73,68.73
omnimount,1307,1289,14,4,771,275.32,172.92317823211584
omnio,136,135,1,0,98,0.0,224.73999999999998
omoikiri,5109,5064,37,8,2423,1447.26,261.6055417088001
omron,268222,245811,16483,5928,76995,353616.66000000003,61.742484412169254
omsa,14,14,0,0,10,0.0,6.9
on,1447,1358,65,24,673,1685.16,68.80734489871692
onanoff,1,1,0,0,1,0.0,23.14
one,100,100,0,0,92,0.0,41.8
oneplus,277649,271452,4500,1697,103612,1144429.92,692.7000462783467
onhillsport,606,589,11,6,370,308.88,55.051929920188655
onix,115,110,3,2,68,587.82,298.86529411764707
onkron,5480,5300,140,40,2803,1495.47,37.69710296134391
onlitop,16373,16203,101,69,10286,9225.56,127.46942705774516
ontario,49,47,2,0,32,0.0,49.11575
ooba,257,253,3,1,199,22.45,21.69286422637591
oonies,2,2,0,0,1,0.0,9.01
ooops,4,4,0,0,4,0.0,3.22
opadiris,6929,6769,137,23,4015,3665.31,275.4030798808614
opple,184,183,1,0,135,0.0,85.4971359223301
oppo,2067003,1906904,114285,45814,665172,10301239.69,297.3556101941684
optima,12127,11385,587,155,6160,14233.29,127.51160240474285
optimeal,101,98,2,1,50,5.91,11.315699393939394
optimum,315,313,1,1,145,162.84,498.3309093345463
optimumnutrition,73,65,4,4,40,79.8,24.80901234567901
optimus,1686,1674,8,4,1139,361.4,91.78850727248927
optiplus,122,115,5,2,65,11.58,5.79
optoma,6798,6629,133,36,2988,22160.91,828.0554405636186
orabel,3,3,0,0,3,0.0,27.13
oral-b,30225,28343,1410,472,13070,14084.32,37.43733786805878
oral_b,77,66,9,2,43,77.18,38.59
oralcare,2207,2176,27,4,1208,133.86,34.13531553929927
orange,31934,30593,1042,299,17366,3515.65,12.551290088122894
orangedaily,156,155,1,0,83,0.0,32.76060234036797
orangekids,454,447,6,1,272,76.72,85.973434239766
orbotix,4,4,0,0,1,0.0,128.68
organickitchen,522,488,30,4,275,14.4,3.043828330603803
organicshop,1618,1534,69,15,882,40.0,2.6137764806903263
organiczone,304,291,9,4,213,21.689999999999998,6.27063884498586
oribel,171,170,0,1,126,245.12,229.18641414141413
orico,4597,4383,161,53,2693,744.6800000000001,18.13485953708352
orient,163236,159790,2361,1085,48729,156908.62,156.6676122218168
origami,363,357,5,1,292,5.12,4.650152490003635
originalamnet,682,620,51,11,241,112.62,8.599095987933945
origins,9551,9300,196,55,4332,2076.21,44.047718473989654
orimag,333,332,1,0,217,0.0,365.1831557377049
orion,50,50,0,0,24,0.0,210.14083333333335
oris,19642,19455,149,38,9344,64425.05,1779.6249207453063
orium,2564,2356,127,81,1408,25338.11,309.2022599992959
orivel,382,380,1,1,205,141.66,134.92572473143176
orjade,77,77,0,0,44,0.0,25.74
orla,721,708,8,5,405,3418.3799999999997,792.7824406230897
orly,98,97,1,0,62,0.0,7.33
ormatek,73,73,0,0,61,0.0,1142.32641025641
ortega,6851,6674,117,60,3484,6212.81,97.90317491800806
orto-bed,7661,7443,185,33,3755,9569.64,331.3126816804891
ortopazl,454,448,3,3,310,84.39,28.266291666666667
os,1862,1808,38,16,1219,339.38,27.17896686845789
osann,805,803,1,1,570,72.07,120.97747735033055
oscardelarenta,104,100,3,1,71,70.18,71.64707317073172
osgona,37,37,0,0,29,0.0,88.2044
osman,11586,11388,152,46,5417,12874.140000000001,242.64466586980342
osminozka,24,24,0,0,15,0.0,16.290333333333333
osprey,39,39,0,0,35,0.0,118.15000000000002
ostamebel,19391,18879,388,124,10920,91674.06,801.2411364079193
oster,2213,2173,27,13,882,1870.13,116.94223143917478
otan,14515,14433,56,26,8052,14890.95,634.0349754968254
otani,234,221,7,6,117,1709.3899999999999,313.11549029834896
otex,3808,3735,56,17,1902,4990.18,277.4944193371674
otherocean,171,160,10,1,121,30.86,30.860000000000003
ottozimmermann,189,187,1,1,129,13.39,45.09166595734582
ouaps,3,3,0,0,3,0.0,34.81
oukitel,1435,1434,1,0,1106,0.0,111.80389937106918
oumile,54,53,1,0,26,0.0,6.318181818181818
ourgeneration,2094,2067,20,7,1125,379.53999999999996,60.76860675448201
oursson,29874,28329,1147,398,13218,43119.33,100.36945681343485
outwell,5708,5666,31,11,3251,600.29,54.17173705733522
ovation,25508,24001,1158,349,14493,18633.38,90.9857700264853
ovevo,2,2,0,0,1,0.0,59.18
ovk,747,733,10,4,503,90.6,21.922558078309084
owner,216,213,3,0,147,0.0,10.68
oxford,49,48,1,0,31,0.0,19.15
oxygen,4971,4873,86,12,1932,9111.91,751.446270193846
oxygenbotanicals,27,25,2,0,12,0.0,5.074
ozkaplan,507,495,7,5,335,786.4300000000001,41.05450359243119
p.i.t.,40698,39709,729,260,17453,16300.880000000001,79.89113976184126
pablosky,23355,23226,85,44,11971,2765.29,58.57801590462631
packing,463,451,9,3,329,225.32999999999998,77.88330561568063
paint,136,134,2,0,70,0.0,30.027368421052632
paiste,544,531,10,3,260,456.59,258.0623876810333
pajak,986,984,2,0,535,0.0,612.4306604343537
palars,387,379,7,1,256,18.02,18.02
palisad,2443,2404,30,9,1880,204.66,27.788124495627216
palit,80518,76874,2690,954,34794,236001.36,316.4984372234681
palmers,5659,5406,179,74,2680,550.71,8.667315828452232
palms,11,11,0,0,10,0.0,133.98
palplay,517,507,7,3,433,127.41,42.86496240601504
pampers,10242,9414,552,276,5116,2484.36,7.778741028014675
panasonic,407975,388516,14782,4677,147613,436252.96,150.37106206542487
pandect,3403,3352,34,17,2059,5217.52,290.23951755024086
pandora,106109,104089,1441,579,43213,120635.56999999999,338.54647991488883
pangao,2999,2943,40,16,1980,1639.99,101.19378709355458
panolino,139,131,5,3,74,29.64,8.815792613636365
panouge,2157,2096,42,19,1169,1704.04,102.71600830337982
pantum,258,257,1,0,201,0.0,218.63
papakarlo,1,1,0,0,1,0.0,134.92
papilla,351,350,1,0,247,0.0,25.67845073407775
papitto,2,2,0,0,2,0.0,23.35
parafar,56,55,1,0,34,0.0,329.14279999999997
parallelkomiks,130,128,2,0,90,0.0,52.165571428571425
parfumsdemarly,151,146,4,1,94,337.2,337.2
parkcity,769,764,0,5,537,540.55,102.71941176470588
parklon,763,751,8,4,484,514.74,147.80179751131223
parkmaster,26113,25665,319,129,13347,8057.92,72.99868974528154
parkwood,123,116,6,1,76,131.28,152.03204761904763
parrot,4285,4247,28,10,2573,1829.53,216.59644037278304
partner,23148,22532,323,293,15183,33605.18,109.89373145923308
partypopteenies,13,13,0,0,12,0.0,18.15
parus,32,32,0,0,15,0.0,22.91
pasabahce,25301,24222,809,270,13580,1621.29,7.7301119727058385
paso,943,920,18,5,547,149.76,29.054411215680382
pastel,29,29,0,0,13,0.0,152.85741666666667
paton,448,431,16,1,237,504.62,413.9759563721384
patrino,1244,1181,40,23,802,2058.74,83.65619766949473
patriot,10746,10410,248,88,5844,6247.82,73.47666870754368
patrol,768,744,19,5,466,431.29,81.92335122231292
patron,73,73,0,0,60,0.0,89.7972761904762
pavlina,61,58,2,1,40,33.19,31.228402777777777
pavlinka,42,42,0,0,27,0.0,25.48556481481482
pawpatrol,1102,1063,36,3,703,67.11,28.99818728422145
payot,4688,4598,65,25,1654,1132.15,46.37812293518235
pccooler,12153,11730,326,97,4033,2346.39,19.49795112641773
pdw,4984,4884,71,29,3523,11653.83,442.115903353882
peak,8411,8286,84,41,6376,4273.62,95.24399876035712
pearl,772,729,33,10,433,5539.099999999999,571.6107521079155
peavey,18308,17952,263,93,8975,28772.28,363.4180661246852
pebble,10,10,0,0,7,0.0,154.42
peda,63559,63183,167,209,24835,317207.85,1621.1188193013486
pediasure,105,105,0,0,65,0.0,1.8346153846153848
pedrollo,5160,5128,20,12,2530,7258.45,825.3610642298452
peg-perego,39111,37122,1437,552,14710,100092.51,197.44051761988342
pegperego,3,3,0,0,2,0.0,358.72
penn,179,179,0,0,141,0.0,86.75
penny,1190,1171,16,3,640,131.19,42.43401673857834
pensofal,2230,2216,10,4,1618,729.3800000000001,141.53590054335115
pentax,500,498,2,0,377,0.0,1422.450315461159
peppapig,359,356,2,1,256,51.46,25.61776628728414
pequetren,2723,2671,42,10,1079,699.87,66.32174780011026
perilla,106621,99573,5045,2003,38383,60730.58,34.03641436699974
perina,3682,3648,22,12,2126,1060.66,81.95986025409154
permanence,1587,1566,15,6,1155,4460.7,812.479481064402
persona,12916,12912,0,4,8566,1413.16,290.8445886944509
peruzzo,3017,3013,3,1,2272,91.12,240.7409774509591
pervenec,143,142,1,0,77,0.0,58.75508159722222
petek,70059,68736,932,391,24900,27732.23,75.03068084007138
peterhof,27789,26455,902,432,14257,29934.79,69.03567102480318
petitfee,125,117,4,4,73,54.2,13.55
petro-canada,3466,3332,104,30,1595,469.19,17.912110887162804
phanteks,533,512,17,4,307,393.47,129.18453175744298
phantom,18069,17513,392,164,11559,2665.94,16.663714246551656
philandteds,57,57,0,0,28,0.0,195.2239423076923
philippus,94,94,0,0,74,0.0,41.15506944444444
philips,1143453,1085165,41759,16529,432910,1908795.47,161.3942403349939
phillips,3932,3866,46,20,2007,3244.91,150.83999675971424
phoenix,55262,53438,1372,452,25877,75334.42,169.5021457931575
piatnik,3379,3291,65,23,2017,462.38,17.461022025412205
picard,63772,62707,760,305,25983,23123.94,83.54047448470294
picks,1,1,0,0,1,0.0,105.02
pierrelannier,3052,2934,89,29,1641,4553.58,171.7276807521577
pierrericaud,285,285,0,0,178,0.0,102.65117527576002
pika,71,67,3,1,41,101.44,111.77488461538462
pikate,11392,10692,495,205,4642,19788.65,96.52999999999999
pilsan,1400,1378,22,0,1022,0.0,28.85820937658576
pinarello,680,680,0,0,486,0.0,2521.5729411764705
pinghudakebabycarrier,1243,1191,43,9,744,3583.62,396.4352440135622
pinskdrev,64224,63604,516,104,29047,85586.71,980.8309017453537
pinti,878,867,8,3,648,5.4,3.1033708063596457
pintinox,5319,5289,24,6,3276,301.68,70.63874558449454
pinus,6302,6263,31,8,4449,4062.9799999999996,238.25437439664515
pioneer,582696,565398,11885,5413,182055,612419.13,147.9832207812365
pirelli,83242,78443,3443,1356,42735,132023.12,111.70929906115327
pirs,805,763,35,7,567,20.93,2.99
pisen,820,817,0,3,668,51.24,16.66256980614072
pit,239,237,2,0,146,0.0,58.620164524170036
piter-trejd,255,247,5,3,181,20.770000000000003,7.702782513426423
pituso,42855,41570,858,427,18027,40578.19,97.45842173329332
pixel,59,59,0,0,45,0.0,196.25607575757576
pixelone,225,223,1,1,124,180.16,166.22066645502645
pixiebelles,146,136,8,2,78,85.98,42.99
pjmaks,50,49,1,0,40,0.0,5.193214285714285
pjmasks,185,183,2,0,125,0.0,10.994327240660574
plamers,113,108,3,2,73,9.46,3.73914025974026
planet,1377,1373,4,0,805,0.0,38.23378332826119
planetaorganica,1393,1346,35,12,916,79.51,6.192835832447381
plano,3045,3039,2,4,1698,361.22,111.51083612265472
plantex,1284,1275,8,1,933,15.38,17.999146666666668
plantronics,56365,53530,2062,773,21873,32960.51,54.09877467632266
plastik,800,784,14,2,449,57.92,22.840426670529517
plastiska,34,34,0,0,23,0.0,74.25119444444444
playgro,2696,2669,21,6,1865,64.84,16.95640974301488
playlab,374,369,3,2,277,45.82,19.37565164190164
playland,153,150,3,0,115,0.0,7.8493706896551725
playmates,2478,2421,49,8,1522,278.94,28.981568075950026
playme,35181,34183,763,235,17062,37552.61,155.31667316680162
playmobil,488,484,4,0,359,0.0,52.75334245698936
playskool,74,71,2,1,55,33.45,33.45
playway,51,51,0,0,44,0.0,54.03
plextor,5708,5444,199,65,2252,4982.82,91.34004298920455
plitex,15381,15134,184,63,8089,2494.57,43.12960321663103
plusplus,26,26,0,0,17,0.0,7.9121428571428565
pnb,12094,11607,351,136,5988,756.45,5.696504507246757
pny,4089,3994,66,29,2287,11189.65,401.8698136678456
pocketbook,92691,87642,3867,1182,26990,177725.15,146.14031437829783
poholy,3297,3208,65,24,2357,1269.26,58.928495714734915
polar,10806,10629,137,40,5215,13965.25,365.81613187037686
polarb,28,28,0,0,22,0.0,24.59894736842105
polaris,895942,855039,29856,11047,335194,509559.17,49.30904227620061
polaroid,6338,6253,56,29,3431,1740.02,65.60970995489494
polarring,513,510,2,1,358,23.16,23.16
polese,6691,6450,185,56,4140,2065.37,32.31296499455142
polesie,272,261,9,2,166,42.47,22.080521757463316
poli,2615,2563,49,3,1872,61.07000000000001,19.346536542395427
police,571,566,4,1,377,43.5,177.4296765716801
poligrafkombinat,165,162,3,0,133,0.0,7.964407169117647
polimerbyt,54,54,0,0,42,0.0,12.2475
polini,40494,39628,565,301,23029,46722.65,177.06823451110813
polirobocar,30,30,0,0,21,0.0,13.87
polisad,80,77,2,1,49,15.44,15.44
polistil,163,160,1,2,103,164.68,76.60958159722223
polkaudio,497,487,9,1,265,1820.8,699.297385473879
polo,688,660,20,8,536,123.83999999999999,16.536307580956315
polti,2857,2836,12,9,1703,1664.88,244.1701545179503
ponalino,13,13,0,0,13,0.0,9.24
poopeez,207,204,3,0,162,0.0,14.827004629629629
poopsie,27436,26794,590,52,17555,4727.76,80.45977674208832
popcornbooks,13,13,0,0,12,0.0,13.800833333333332
popov,20774,19975,619,180,9008,22313.61,126.86795143558571
poppops,332,327,3,2,257,15.18,7.661659369980125
poppuri,13,13,0,0,13,0.0,8.4
popurri,2898,2674,172,52,1728,524.32,31.93247490987113
porsche,3012,2900,74,38,1492,5379.66,141.57
portcase,9111,8272,645,194,4659,1640.22,8.667535813279425
portdesigns,1,1,0,0,1,0.0,22.71
potatohead,20,20,0,0,19,0.0,57.89
powcan,9329,8859,384,86,5766,27311.02,323.23381327008576
powercolor,18045,17473,443,129,7862,25559.64,202.4289743064581
powerconstruction,15,15,0,0,9,0.0,9.4
powerman,307,301,4,2,217,92.77000000000001,46.17756989247312
powerplant,27358,26190,976,192,12943,5849.15,62.34230813155955
powerrangers,128,127,1,0,93,0.0,37.672065573770496
powertec,5587,5557,23,7,3080,7902.22,1425.7713291751909
powertrac,110704,99015,8893,2796,52979,114723.91,42.983962218906925
pozis,39774,38682,852,240,17518,70236.35,293.92481289245063
pqi,453,441,6,6,314,141.67,18.71214279221142
prada,10738,10426,232,80,5981,6467.21,132.64289169819685
prajm-evroznak,34,32,1,1,28,9.86,9.86
praktik,188,184,3,1,106,287.09,287.09
prc,817,815,0,2,638,6.68,11.982215450862292
preciosa,5629,5601,21,7,3316,7535.33,673.7691913199568
premier,208,206,2,0,74,0.0,10.510332614942529
premont,783,750,24,9,288,674.1800000000001,69.41869127486149
president,3,3,0,0,1,0.0,460.24
presonus,260,260,0,0,186,0.0,277.28018003565063
prestige,2522,2497,16,9,1519,2249.5,227.0955667062018
prestigio,205341,192048,9293,4000,93179,214355.11,69.29753645317287
prestiz,1805,1750,51,4,1295,56.64,14.16
pride,84476,81922,1715,839,34003,115737.74,157.4030460279002
primefitness,198,197,1,0,120,0.0,472.6766666666667
princessa,130,129,1,0,101,0.0,2.4912651515151514
princessemarinadebourbon,230,201,27,2,123,75.86,52.12403448637956
princetontec,51,51,0,0,37,0.0,71.24633333333333
printhousegerona,10,9,1,0,9,0.0,12.538571428571428
privia,150,145,3,2,91,11.2,5.860698529411764
pro-ject,460,459,1,0,313,0.0,562.918684400077
pro-karaoke,2839,2820,11,8,1360,1595.91,239.50551130428198
proel,658,656,2,0,471,0.0,636.1467449259453
prof-press,49,49,0,0,41,0.0,3.4322121212121215
proffcarbon,211,210,1,0,173,0.0,12.87
profiko,5630,5486,101,43,3598,4658.94,104.61531495773397
profteplo,41,41,0,0,22,0.0,49.11
progress,869,852,12,5,480,988.89,203.03262175343303
prolike,4964,4867,79,18,2609,844.74,46.13509467362491
prologic,26158,25930,169,59,11494,5479.82,90.3745143683493
prology,7171,7008,122,41,4144,6411.94,97.31148262100155
proma,351,339,8,4,245,1050.22,245.50869604194347
promate,664,663,1,0,470,0.0,90.70856487123733
promountain,608,590,15,3,324,617.7,204.56661870503598
promozer,2566,2350,164,52,1122,1136.1299999999999,22.152629622017525
proskit,295,291,4,0,223,0.0,59.095360152452585
prosperplast,1988,1927,51,10,1182,199.64,30.690311325196024
proteus,218,217,1,0,133,0.0,261.3803571428572
protherm,958,932,17,9,438,5194.36,638.0028262335632
provence,400,391,8,1,296,4.86,4.703052052545156
provoc,450,449,1,0,341,0.0,19.004311393869287
proxima,1978,1936,35,7,887,6640.900000000001,828.0829294410084
proxxon,3599,3578,14,7,2420,1220.66,171.48382323307533
psyonix,262,260,2,0,218,0.0,54.03
pt-group,75312,74236,680,396,37704,82118.85,204.56986432007986
pubg,12,12,0,0,6,0.0,23.14
puckator,8790,8654,103,33,5882,661.12,22.41984269584584
pulser,395863,387615,6059,2189,96861,1444625.61,695.7376958979352
puma,62277,61472,530,275,39952,26884.420000000002,94.45835091180949
pupa,68812,65725,2224,863,25423,9954.67,14.262741643620483
purederm,4452,4312,92,48,2859,116.93,2.435182385451102
puridea,76,67,5,4,32,51.36,12.48536715296198
puzzles,203,203,0,0,160,0.0,9.659958333333334
pyrex,9650,9128,386,136,5749,1703.4099999999999,12.808823089965362
qazaqkhan,631,615,11,5,487,256.75,51.50909090909091
qazprotein,1347,1265,61,21,560,364.14,17.70421674062125
qcyber,881,877,3,1,559,60.23,51.72384703656132
qiangchi,7387,7050,231,106,3203,14745.61,143.42746866490035
qixels,66,60,5,1,43,51.51,25.34803751803752
qmax,21599,21106,360,133,10537,11961.03,121.8487890989704
qnap,1013,1010,2,1,601,294.86,819.033559521203
qnt,1648,1615,24,9,974,64.75,9.36837548689321
qp,239,230,6,3,165,15.05,5.121761124677791
qplay,134,127,6,1,83,144.15,168.13258872591314
qq,6052,5786,203,63,3859,1415.15,22.119532364514107
quatro,2000,1960,25,15,1037,3171.25,199.34083275953603
quattrocomforto,202,192,7,3,125,221.64,73.88
quechua,9854,9713,112,29,5365,1896.96,90.39457942214503
queenfair,12,12,0,0,8,0.0,31.53833333333333
quiksilver,2865,2828,32,5,1447,1792.31,328.0125488870019
quinny,3435,3390,33,12,1972,4605.53,453.0822369112594
quinshi,1079,1061,12,6,454,1588.22,280.0178101082618
qvs,2401,2302,74,25,1626,122.01,4.25268601788798
r-senda,49,49,0,0,37,0.0,299.9889655172414
racer,31555,30255,895,405,16171,63397.42,260.1819680040947
raceready,864,795,49,20,515,6306.5,318.33637070248386
radaway,8348,8256,68,24,5797,15483.15,651.6083730845874
radiant,230,230,0,0,177,0.0,25.410666666666668
rado,19783,19644,101,38,10253,69963.15,1985.8470462064722
raduga,229,229,0,0,176,0.0,22.39
radugapaint,19,19,0,0,13,0.0,14.4
ragolle,904,893,9,2,520,124.08,47.65105407584453
raidmax,1696,1643,37,16,870,947.1700000000001,58.950284769033146
railking,141,136,3,2,100,84.9,41.884
rainbo,7645,7306,255,84,4157,7498.94,88.98619719144341
rajton,1703,1681,16,6,1057,2432.4900000000002,441.09240586214673
ralfringer,800,780,16,4,498,491.14,123.03998276196934
ralphlauren,150,150,0,0,116,0.0,421.8697082149621
rals,163864,160868,2307,689,65978,323551.86,540.4166441929601
ramili,1791,1686,75,30,932,1352.81,50.87357780649456
ramilibaby,22,22,0,0,18,0.0,394.48544642857144
ranok-creative,70,70,0,0,36,0.0,5.773415945165945
rant,23610,22921,487,202,10245,18119.74,95.77120659430189
rapala,757,756,1,0,451,0.0,82.90673324126746
rapid,13172,12648,376,148,9260,2237.3,15.030601488876972
rapoo,13905,13288,471,146,6876,3760.13,27.797198546581473
rare,314,303,9,2,242,51.42,25.44086956521739
rasch,731,726,4,1,544,12.77,12.313340174975059
rastar,97465,93505,3203,757,42676,21331.02,35.084416030058776
ravak,302,298,4,0,213,0.0,544.6638540611306
raval,506,503,2,1,401,169.0,216.3092272516578
raveltex,201,199,0,2,109,414.94,207.47
ravenol,1412,1352,49,11,679,212.63,87.83929130386016
ray-ban,9742,9519,141,82,4946,16875.62,227.0185720736366
raymondweil,341,340,1,0,151,0.0,1010.8965213400375
raytheonphantom,378,370,7,1,260,7.7,23.181996154268237
razer,39537,38165,981,391,17426,36223.7,94.03155225933095
rcf,2201,2136,57,8,1005,3276.35,561.3278180805851
rcr,6532,6489,38,5,3390,221.37,84.10092694961764
rdx,397,395,1,1,276,72.07,65.46242105131866
realflame,2269,2225,35,9,891,4454.68,572.3870489826214
realme,9423,9195,183,45,3464,15044.31,301.7793755914489
rebellion,1514,1466,36,12,1168,456.14,33.46928286834279
rebus,26920,26346,409,165,13490,29495.52,168.99723628885363
recaro,1325,1306,11,8,712,3024.35,400.0762349906293
recci,4,4,0,0,1,0.0,5.15
receptybabuskiagafi,51,49,2,0,33,0.0,1.8
redblu,197,195,1,1,142,171.15,147.19889272913468
redbo,14192,13992,152,48,5485,13792.83,408.8453560761365
redford,13641,13154,387,100,5978,19053.65,220.54881760272107
redforest,74,74,0,0,67,0.0,59.1
redken,1342,1305,21,16,631,506.16,33.33284144025253
redline,236,236,0,0,142,0.0,56.78725990013598
redmond,1176946,1120134,41464,15348,388513,1071059.72,80.55987436307794
redpower,146,142,3,1,86,424.72,407.0876875
redragon,39807,37823,1482,502,16792,12465.56,26.56879521031234
reebok,68134,66894,776,464,40778,52078.16,104.93724026266477
reergmbh,91,84,5,2,72,22.66,12.672435897435898
regalacademy,9,9,0,0,8,0.0,12.28
regatta,1112,1087,20,5,544,86.99,16.543936405786443
regent,3470,3262,163,45,1657,4060.92,101.51407092202555
regentinox,25,25,0,0,21,0.0,60.63000000000001
reima,7599,7401,136,62,3624,7955.57,121.95045244981395
reimar,23,23,0,0,15,0.0,146.72934065934066
relaks,2,2,0,0,1,0.0,402.04
relouis,1544,1493,38,13,809,45.03,3.3848446693468044
reluce,2200,2152,30,18,1194,268.9,16.36936575742373
remain,9256,8940,258,58,5718,13301.17,236.06700044801465
remax,29593,28303,946,344,16488,8835.02,21.54973001835262
remeco,10750,10501,198,51,6464,522.66,20.666692970185974
remer,54,54,0,0,41,0.0,64.2270606060606
remeza,584,563,14,7,226,3240.8999999999996,642.5902370903315
remington,116838,110311,4634,1893,51075,107319.25,64.92936959495624
remix,3099,3082,12,5,1841,379.85,75.97
remo,457,448,6,3,330,1124.3600000000001,380.1440381901021
remokolor,38,38,0,0,27,0.0,4.011933333333333
remonte,17797,17563,175,59,12156,4944.4,74.38220067385893
rempire,941,885,42,14,556,1189.1599999999999,84.94
renberg,200,198,1,1,163,20.48,20.537318376068377
renegade,1717,1689,21,7,1348,8198.4,1171.2
renova,17601,16787,574,240,7577,20402.96,90.54431447597543
renovator,306,300,6,0,179,0.0,78.4522340425532
repetto,476,460,10,6,253,173.83,33.844133102567625
replica,2231,2117,91,23,1410,8136.13,322.47362014073013
replicaconcept,25,24,1,0,15,0.0,453.04
resanta,28516,27106,1104,306,13831,48761.0,187.60342723523246
reshin,2,2,0,0,2,0.0,200.91
respect,1559142,1518181,30413,10548,495746,790471.09,75.51038094001358
restar,94,94,0,0,75,0.0,51.597142857142856
restorannyevedomosti,21,21,0,0,15,0.0,17.777948717948718
retrosuperfuture,150,150,0,0,121,0.0,300.1646555772994
rev,6,6,0,0,5,0.0,8.55
revit,59,56,3,0,38,0.0,195.95804018445324
revlon,595,584,9,2,377,23.0,11.435109819121447
revuele,148,139,8,1,102,4.12,3.904131011608624
rexco,110,105,3,2,72,85.3,36.990511054421766
rextor,4521,4346,128,47,2302,2312.07,57.786495865409194
rezult,3907,3784,103,20,2147,331.59999999999997,16.257063405576503
rheinberger,2472,2448,18,6,1881,232.69,37.45466390196369
rial,20931,20543,285,103,13419,38844.1,409.1607320662717
ricco,1060,1047,12,1,713,5.38,10.636578994251327
riche,956,878,59,19,435,530.18,26.24738362887824
ricoh,5196,5031,128,37,2998,3645.3199999999997,132.34643262303274
ridata,22,22,0,0,20,0.0,17.8265
ride,6954,6777,142,35,3215,9170.11,279.35053289615155
ridian,930,927,3,0,694,0.0,36.23080539931083
rieker,347608,342033,4090,1485,159316,132455.55,86.13288321140065
riello,11,11,0,0,9,0.0,135.71
riga,10980,10682,154,144,4412,49830.880000000005,364.7447870620907
rihanna,19,19,0,0,12,0.0,52.31
rika,1557,1481,69,7,864,970.41,136.18504996227182
riken,613,594,10,9,338,196.92,22.543030303030303
riko,4102,4031,45,26,1881,8838.17,357.8360313202534
rimax,8403,8181,138,84,5843,28853.39,380.84497361018265
riminibosco,5,5,0,0,3,0.0,191.25
riminiflash,287,287,0,0,193,0.0,129.96233333333333
rimmel,166,162,2,2,117,8.76,6.629960317460318
rimmellondon,1401,1331,52,18,767,106.42,6.744961786263999
rinax,397,396,1,0,324,0.0,29.094614889614892
rinnai,24585,23682,664,239,8652,199661.62,801.6021156689409
rino,4025,3793,185,47,1758,475.99999999999994,10.387035040431266
ripol,280,269,9,2,183,26.15,10.804434185056136
rise,97,97,0,0,78,0.0,18.978799422799423
risoli,52,52,0,0,33,0.0,66.14783333333334
ristanskaakeramika,254,253,1,0,158,0.0,41.78870299586777
risujsvetom,163,160,3,0,55,0.0,12.48162641172411
ritmix,202074,195781,4947,1346,104394,26502.04,21.014935482935595
rivacase,8797,8455,245,97,4429,2967.35,30.58145199620082
rivakoch,236,232,4,0,160,0.0,25.047341736694676
rival,19,19,0,0,16,0.0,119.53666666666666
rivalli,2161,2145,14,2,1259,1209.3,670.7916309646082
rivertoys,123922,119720,3319,883,55181,145194.2,198.83214316486902
riviera,9208,9051,125,32,3230,15824.380000000001,507.4037640037615
rizmo,726,702,18,6,441,721.14,115.72036363636363
rline,116,111,4,1,58,10.94,10.94
roadcruza,1368,1210,111,47,636,5505.74,114.68341748542859
roadhouse,86,83,3,0,65,0.0,20.011155993431853
roadmarch,3438,3070,294,74,1840,3137.2,52.24220716060921
roadstone,40768,38562,1656,550,22562,37168.68,71.33577611691986
roadx,115100,105308,7144,2648,56898,161319.98,65.02331096038289
roamer,8852,8693,118,41,3513,15070.95,362.7135485258776
robens,261,260,1,0,189,0.0,84.76239038189533
robertobravo,73418,72609,603,206,33736,213616.09,1175.5963100057033
robertocavalli,65,64,1,0,49,0.0,446.42487804878044
robins,378,371,6,1,302,7.46,7.861878620943472
roblox,4069,4037,30,2,2923,57.22,24.882039195335082
robobloq,57,57,0,0,44,0.0,908.2707619047619
robocarpoli,26851,26636,212,3,18695,131.88,37.50428208670716
roborock,11482,10983,373,126,5203,58309.96,470.9833713383604
robotime,350,333,13,4,219,136.55,32.319959441399845
robotis,845,842,3,0,559,0.0,1120.1657726661851
roca,5720,5670,36,14,3400,1680.19,373.9205234458724
rochas,1984,1895,57,32,806,1776.6,51.60592349162459
rock,729,717,11,1,543,20.65,12.271755170200382
rockdale,2421,2300,65,56,1303,6054.16,108.11
rockforce,14648,14223,315,110,9068,12661.54,110.29370053550832
rockmybaby,37,37,0,0,30,0.0,73.88
rockstargames,6786,6158,540,88,4019,4252.099999999999,51.738729666657264
rodaco,17,17,0,0,16,0.0,83.62777777777778
rode,941,920,11,10,574,1575.35,198.81065068463624
rodi,1186,1106,50,30,643,1247.88,41.064683076923075
roeyuta,227,227,0,0,125,0.0,134.33074443036637
rogervandenberghenv,518,501,17,0,361,0.0,158.8002248760499
roingto,1579,1369,128,82,767,18820.15,226.69702566588194
roison,3,3,0,0,3,0.0,193.15
rokids,2932,2837,73,22,1421,2807.26,131.72959486131327
roland,14283,13887,281,115,7630,79544.97,769.2247712440741
rolife,36,36,0,0,23,0.0,29.6
romack,1092,1085,5,2,572,669.26,310.46050374170403
romana,33627,32797,610,220,13858,34241.04,176.60824517121048
romanson,15821,15511,187,123,8497,14992.91,120.43765102555615
romax,6153,6082,58,13,3136,2013.98,149.23445718401834
rombica,22310,21571,560,179,10525,5518.04,39.89195059671586
romer,1181,1168,8,5,753,641.2,114.05917767841179
ronas,2609,2501,69,39,1316,1482.69,37.8839065690606
roncato,28486,28210,195,81,15041,16593.56,207.98941642689425
rondell,250859,243204,5778,1877,115046,98274.32,52.24648201583957
rongta,487,440,39,8,175,545.72,85.23170537690211
ronthompson,2705,2656,37,12,1486,286.06,20.124146323520502
rooman,92483,89710,1941,832,51339,46860.76,53.80955741582311
rosa,11408,10909,363,136,5128,8114.77,64.58880257452778
rosato,1490,1486,3,1,942,129.99,172.35090394851534
rosenberg,431,429,2,0,320,0.0,81.55192375679874
rosetta,6258,6015,167,76,2717,7983.5599999999995,116.48986887791702
rosio,1023,1019,3,1,707,121.21,433.1804730192458
rosmen,1123,1084,34,5,733,59.41,9.917977345205022
rossia,1268,1253,11,4,920,247.26,48.817123978016745
rossiaavtorobot,107,107,0,0,81,0.0,18.90814814814815
rossignol,3992,3882,81,29,2009,9086.17,241.13704982801502
rossinka,6184,6010,121,53,3000,1720.24,37.178183656861904
rossplast,22,22,0,0,17,0.0,61.14232142857143
rostok-mebel,18572,18131,344,97,10614,11980.5,113.98012330235574
rotiform,141,139,2,0,121,0.0,1621.6599999999999
rotor,5808,5680,100,28,3337,1523.52,57.41933905574991
rotorazer,135,135,0,0,85,0.0,81.01770491803279
rouzbad,9,9,0,0,9,0.0,15.84
rovigo,16694,16158,408,128,10217,13609.7,103.53071427227923
rovus,862,825,34,3,438,77.13,48.120327198997835
rowenta,342841,319544,16323,6974,137237,381821.13,56.20935357323444
roxy,5535,5442,70,23,3672,1972.27,97.48633390211397
roxykids,234,227,6,1,174,68.96,42.96422605363985
royal,3528,3517,6,5,2180,175.37,26.404756179577166
royalblack,1624,1505,97,22,946,1142.55,64.13045296172928
royallondon,1503,1459,31,13,871,1703.23,140.5105103869843
rozenbal,4907,4859,37,11,3732,139.38,12.286608691282227
rpikduir,4,4,0,0,3,0.0,7.23
rubelli,786,774,10,2,520,47.47,20.0333943269066
rubies,533,529,3,1,307,55.86,51.451452954411174
rubiks,2489,2451,34,4,1596,94.89,19.716875541222766
rubineta,7901,7664,183,54,3820,2756.01,45.03745820111777
rucelf,3177,3011,128,38,1187,5755.95,135.20261005905806
ruike,2451,2408,36,7,1440,111.69,30.483080284357758
ruixinlang,347,339,6,2,194,70.11,39.267056936714084
runwin,6,6,0,0,3,0.0,110.66000000000001
rusgoldart,119378,113818,3976,1584,49009,436980.77999999997,216.9343354630443
rush,9333,9163,102,68,4417,12460.89,188.89381691742108
russia,931,928,2,1,612,1605.96,1468.963115710112
rustyrivets,1,1,0,0,1,0.0,26.56
rw,4051,3961,67,23,2666,1671.31,61.77163466241813
ryobi,25590,25311,206,73,12318,12519.039999999999,169.3321396210852
ryor,136,133,2,1,91,17.76,15.35818722943723
s-oil,1246,1225,10,11,665,184.56,17.33821907757285
s.a.n.,6036,5867,104,65,3292,1891.74,33.55872784365091
sabi,98,97,0,1,71,13.9,13.900000000000002
sabian,218,214,3,1,107,259.7,385.18400921658986
sabiland,247,246,1,0,185,0.0,22.660859728506786
sabyrzhanayrin,9678,9348,265,65,5366,1478.66,24.65908380041169
sachiko,473,460,9,4,300,54.06,13.448115840322872
sacvoyage,2065,2041,17,7,1337,524.4,75.83392356620284
sades,330,326,3,1,177,43.5,29.64981921649779
saeshin,7016,6485,388,143,3646,17617.58,123.39850837531111
safecess,1,1,0,0,1,0.0,270.28
saferich,7130,6767,287,76,4322,4319.71,57.99006543782681
sailun,27964,26122,1385,457,14637,31418.35,72.57131016300791
saipo,175,160,15,0,122,0.0,30.839000000000002
saksi,492,480,10,2,347,112.91,51.17191145656872
sakura,5402,5231,123,48,3129,907.3499999999999,18.90594199684503
salamander,122181,120061,1550,570,61804,56098.9,89.69777799506075
salewa,2550,2512,29,9,1582,887.62,136.53747461807004
sallyhansen,50,50,0,0,41,0.0,7.096502976190476
salmo,7426,7230,145,51,4275,762.1800000000001,13.498415623342012
salomon,2752,2696,42,14,1402,2768.63,460.0164034782773
salvatoreferragamo,866,815,35,16,446,967.2800000000001,63.522777216430725
salvinelli,111,110,1,0,85,0.0,16.49183908045977
samga,3624,3088,414,122,2062,1574.6899999999998,13.156032401941493
samo,1540,1441,69,30,896,331.71000000000004,11.602516075240052
samonite,44,44,0,0,25,0.0,193.05999999999997
samson,1077,1071,1,5,779,4697.7,615.4609701412127
samsonite,814,805,7,2,372,298.59000000000003,192.80518307624993
samsung,21712419,19473099,1600456,638864,5964685,173136224.53,349.69279241467825
samy,56,55,1,0,34,0.0,37.88257758620689
samyang,209,209,0,0,153,0.0,864.574845342523
san,859,823,25,11,461,654.25,52.11429813426763
sanathali,5381,5243,107,31,2849,3999.9,140.56149139066014
sandalye,580,567,11,2,386,205.78,102.89000000000001
sandisk,8490,8122,289,79,3999,1705.03,49.01598156999468
saniano,149,147,2,0,110,0.0,68.99
sanita,9386,9174,166,46,4257,3136.76,73.81758337587405
sanitaluxe,163,158,4,1,113,28.52,41.0531511299435
sanjia,23,23,0,0,15,0.0,33.957115384615385
sanovit,154,154,0,0,115,0.0,109.8044155844156
santa-cruz,379,369,6,4,241,1028.6,293.83838505447164
santacruz,59,57,1,1,42,282.89,282.89
santak,6,6,0,0,4,0.0,25.71
santehprom,165,163,2,0,109,0.0,704.8390266666668
santek,11783,11331,338,114,4816,9643.43,90.74337138034964
santeri,13993,13393,453,147,5481,8620.52,57.0859934396605
santoro,725,705,16,4,415,260.45000000000005,58.14642854474718
sapphire,10641,10256,274,111,5106,29021.33,269.36054685909403
sapsula,69,68,1,0,44,0.0,86.94790625
sarabella,310,306,3,1,242,28.58,32.54517767295597
sardes,1267,1259,8,0,773,0.0,385.5561725850998
sariel,2417,2328,62,27,1586,191.8,8.01115708818675
sasta,3897,3811,71,15,2671,398.95,53.413653109108914
satagood,1,1,0,0,1,0.0,38.61
satura,23890,23376,375,139,12196,36877.97,311.14777373190174
saturn,112891,109457,2355,1079,57425,36475.87,33.13888712426454
saucony,287,286,1,0,242,0.0,76.7641573033708
sava,29553,27987,982,584,15931,69715.66,102.98041554103305
savagegear,282,280,1,1,205,65.51,83.61479842706314
sbs,46,46,0,0,27,0.0,24.445277777777775
sbw,235,232,2,1,160,236.3,765.3017368551587
scan,239,236,3,0,140,0.0,19.2
scarlett,517658,495223,16715,5720,209230,190094.53,40.50896716191826
schardt,30,30,0,0,22,0.0,111.124
schaublorenz,8945,8708,192,45,4373,16483.14,433.4690746004666
schecter,2465,2411,30,24,1105,10084.78,484.1911682960959
scher-khan,5031,4992,31,8,2959,731.01,110.87868445210513
schneider,4031,4014,11,6,2134,1509.8400000000001,814.8647505833054
schreuder,640,594,34,12,256,638.85,53.96677410500945
schreuders,3171,3110,45,16,1682,1061.29,95.79872136695957
schwinn,2224,2130,75,19,1299,8440.92,440.24999892875746
scierra,3543,3533,7,3,2166,220.88,134.32825280134702
scinic,172,169,2,1,113,20.57,25.223158536585366
scivation,623,590,20,13,233,433.16999999999996,33.64865379219546
scool,906,894,9,3,662,370.68,137.22128001537
scoole,5116,5029,68,19,2853,512.62,34.83455900904934
scooter,1353,1315,29,9,711,223.55,40.24864977248307
scorpion,359,350,7,2,187,656.9,283.72803164050345
scott,8495,8305,153,37,3675,7990.95,692.2081552261478
scovo,24410,23503,691,216,13994,5712.23,28.33850833860381
scoyco,1260,1250,8,2,617,118.4,100.54344515809821
screecherswild,1260,1214,39,7,643,222.51,31.208519609490395
scruff-a-luvs,1319,1282,29,8,770,241.8,28.078366869615575
scythe,9,9,0,0,6,0.0,46.19
sdt,987,950,30,7,687,511.2,97.00401852378734
sea-doo,1143,1128,11,4,1035,613.88,153.47
seagate,41173,39083,1516,574,16996,40616.6,95.71888067903521
seanovo,183,182,1,0,92,0.0,1106.6592036340853
seasonic,594,542,34,18,309,3090.72,168.02102099490526
sebamed,167,163,4,0,92,0.0,4.724550476190475
secretgourmet,1274,1245,19,10,952,261.53,25.473032544188932
secretkey,384,374,8,2,208,22.4,9.320793265403179
seed,413,413,0,0,348,0.0,554.6985439383483
sega,18518,18101,302,115,9308,5429.48,49.43456914360692
segotep,2149,2119,20,10,1304,280.48,53.39394883793996
segway,5121,5077,36,8,3075,3132.28,474.48897233252455
seiko,19909,19822,66,21,7674,14980.06,654.5907321186825
seintex,3831,3751,68,12,2984,309.94,29.07630193612429
sekiguchi,34,34,0,0,29,0.0,27.25
selby,34596,32590,1452,554,14170,23364.23,42.59287691389976
select,376,365,8,3,212,149.22,48.1388656100768
selective,3498,3441,33,24,2280,1020.37,40.165972526929735
selectiveprofessional,358,354,2,2,248,108.12,47.57890863522442
selena,103,103,0,0,66,0.0,23.213366666666666
seletti,1028,1026,2,0,770,0.0,67.31559397769448
selma,29,29,0,0,19,0.0,1594.35
senacijpatrul,18,18,0,0,15,0.0,60.04333333333333
senci,3708,3682,15,11,1918,17769.96,1399.5443802586944
sencor,612,610,2,0,344,0.0,174.63541623404328
sennheiser,22403,21666,548,189,9146,19050.09,126.48761928657014
sensis,2783,2761,19,3,1841,137.46,44.2487835640611
senspa,345,344,1,0,235,0.0,2150.2827484804757
serebro,15810,15058,595,157,6231,917.67,5.749039580975743
serebroff,3534,3399,109,26,1849,695.15,36.63495202058804
sergiorossi,4902,4884,15,3,2936,2731.09,977.9143098065534
sergiotacchini,2794,2722,59,13,767,1023.29,76.12856482009148
sess,3,3,0,0,2,0.0,56.6
sevenfriday,1892,1878,10,4,1211,5771.07,1521.2370395014489
seventeen,774,759,11,4,532,83.19999999999999,24.44287719613518
seventeenkids,81,81,0,0,70,0.0,38.61
sgary,46,46,0,0,34,0.0,44.92
shagovita,34042,33633,262,147,17858,9208.369999999999,70.05594088757564
shaik,3085,3019,46,20,1871,4999.83,264.75650300734327
shakira,4327,4131,148,48,1737,704.0899999999999,15.48714429809547
shangpree,91,91,0,0,69,0.0,13.325000000000001
shantougepai,225,220,3,2,180,147.76,73.46230769230769
shark,343,338,5,0,143,0.0,323.6525778150085
sharking,796,781,9,6,471,1879.96,584.1017008817698
sharp,319,315,2,2,209,823.66,440.1138905196782
sheba,1700,1622,46,32,1023,4355.07,133.35420331067854
sheffilton,1770,1712,54,4,1263,84.64,21.35869801877493
shell,31974,30950,777,247,14428,5568.13,27.188184749031752
shengyuan,64,64,0,0,37,0.0,36.38028571428571
shenma,24161,22809,1030,322,9967,18253.83,57.5771624878409
sherlock,348,339,6,3,260,61.05,19.577067307692307
sheyk,115,115,0,0,69,0.0,64.0919
shhongri,764,758,5,1,510,45.05,45.05
shima,849,806,29,14,488,1045.1000000000001,74.0515503875969
shimano,24151,23905,162,84,9177,14121.22,217.18218893420743
shimmerandshine,34,34,0,0,29,0.0,10.27
shindo,1643,1606,23,14,775,896.11,83.29069316237
shinko,313,305,5,3,174,270.27,102.73712256332821
ship,1567,1534,26,7,1016,93.69,17.896647880167595
shiraz,5787,5697,68,22,2986,11500.92,637.6993466987315
shiseido,20299,19611,498,190,8380,11689.24,64.60088803193129
shishi,1158,1145,11,2,913,33.12,280.0776141312201
shivaki,153708,148122,4212,1374,66665,214108.67,156.9715345201635
sho-me,176398,166671,7258,2469,68460,345570.43,137.57448074458395
shoesrepablic,785,723,48,14,470,839.1,62.28219696969697
shoesrepublic,11908,11307,478,123,4866,7485.83,63.06509058913852
shogun,793,785,0,8,604,5148.16,624.7327164252453
shoiberg,1274,1245,25,4,779,222.39,58.826921292747755
shoodow,77,71,4,2,48,23.16,11.58
shopkins,1375,1357,13,5,816,93.03,19.47578579086381
shua,5530,5473,45,12,3342,16031.32,1677.01793898882
shunxiang,10,10,0,0,9,0.0,5.43
shure,15628,15272,238,118,7292,31669.16,450.511305614943
siberia,2487,2440,35,12,1642,4658.67,427.89732459763417
sibin,213,171,24,18,92,222.43,42.13827932524992
sibirskietovary,1355,1347,7,1,782,60.66,48.769598456154206
sibpolimer,1,1,0,0,1,0.0,49.83
sibrteh,4714,4594,93,27,2401,2144.97,127.0022011097221
siee,610,605,4,1,469,72.05,67.81811497991437
siemens,1950,1941,8,1,1173,745.49,890.9008961313342
siger,6672,6492,140,40,2730,3518.59,87.43103304726617
sigikid,666,663,3,0,421,0.0,74.63413061138485
sigma,7691,7630,47,14,4166,3425.86,162.10997120152206
signal,4573,4509,52,12,2585,1551.49,150.56687352708997
signature,199,196,3,0,112,0.0,91.45563580246913
silampos,190,190,0,0,125,0.0,43.12741176470588
silapro,1773,1726,43,4,1041,50.46,13.194891322098895
silhouette,1675,1657,15,3,984,1204.92,365.10207720297626
silikomart,125,125,0,0,92,0.0,12.496127274333157
silter,7,7,0,0,5,0.0,303.89
silva,11070,10946,93,31,6735,10690.06,612.7428195272929
silverlit,210752,205666,4833,253,124017,11874.44,33.72836405278798
silverstone,441,441,0,0,297,0.0,99.9805395744302
sima-land,3366,3337,23,6,1994,210.57,32.54216026359835
simat,218,194,19,5,84,440.04,88.11082449981792
simax,2045,2025,14,6,1372,380.88,40.44225336077636
simba,43245,42362,808,75,29272,2070.38,36.31018537097071
simbat,213,199,11,3,127,25.410000000000004,8.47
simfer,15167,14678,366,123,7649,23283.8,214.4741486905618
similac,5861,5510,277,74,2754,906.68,10.86607502485922
simonettaravizza,674,673,1,0,587,0.0,1019.3707432646742
simpleparenting,1228,1191,21,16,745,5738.150000000001,357.01172511260364
simpliccity,25,25,0,0,24,0.0,36.91
simurg,402,369,19,14,237,4215.320000000001,328.9366294642857
sinbo,4128,3986,100,42,2628,1164.45,25.19963471499747
sincotoys,308,307,1,0,270,0.0,16.17007843137255
sindbad,367,326,30,11,199,201.73000000000002,20.935824304365173
singer,7967,7805,130,32,2850,6972.320000000001,233.80790237969984
sinisalo,578,573,4,1,529,128.03,128.03
sinotex,3993,3934,30,29,2214,2895.9,137.9620405154336
sinusprofi,533,530,2,1,280,399.44,406.4028712389501
siren,116,115,1,0,91,0.0,62.734102564102564
sirius,4180,4100,59,21,2485,275.73,13.13
sis,1384,1382,2,0,846,0.0,13.811572321218298
sisley,853,797,26,30,434,4773.0,152.1163722080629
siton,275,271,3,1,180,41.41,46.866108159340655
sitparad,673,667,5,1,482,56.6,53.089700139195514
sjcam,25108,24321,602,185,9729,20762.18,106.47570719575549
sjrc,4685,4556,92,37,2123,10396.02,297.8501028892472
skad,266222,257258,7120,1844,116205,414971.29,229.21289363453727
skagen,12165,11977,144,44,5253,6913.64,167.3332548557447
skandika,219,219,0,0,151,0.0,252.26
skazocnyjpatrul,594,573,17,4,407,87.80000000000001,12.062734521853908
skechers,68,68,0,0,56,0.0,36.04
ski-doo,56712,56220,397,95,36211,11569.52,255.6179506786604
skil,152,145,0,7,79,702.73,96.29605185185184
skillmax,4722,4576,105,41,2263,6163.04,215.42941796658224
skindoctors,279,269,7,3,175,172.2,37.11345905483405
skovo,10,10,0,0,6,0.0,37.96
sksportivnaakollekcia,10035,9734,242,59,5448,2290.85,33.262717971823804
skullcandy,37,37,0,0,28,0.0,66.3754
skv,564,561,3,0,345,0.0,180.58816331132635
skv-kompani,235,229,5,1,142,181.47,181.74883333333335
skwooshi,407,405,2,0,333,0.0,22.325398955946017
sky,14,14,0,0,11,0.0,772.22
sky-watcher,844,839,3,2,494,982.94,706.7778701988415
skylor,1012,997,2,13,656,1029.6599999999999,108.7835479283976
skytech,2080,2043,19,18,1341,462.78000000000003,25.71
skyworth,16504,15967,417,120,9192,74342.89,614.2669088597129
slaro,229,229,0,0,159,0.0,400.28040022675737
slavanskieoboi,647,642,5,0,474,0.0,26.0
slavanskijdomknigi,10,10,0,0,7,0.0,3.755714285714286
sledopyt,7552,7402,120,30,3271,2749.64,109.1990519467634
sleekmakeup,20,20,0,0,15,0.0,12.359999999999998
slezakrav,14,14,0,0,9,0.0,97.313125
slider,798,794,2,2,576,231.64000000000001,121.58821640592315
slonimmebel,277,276,1,0,211,0.0,380.96
slovo,15,15,0,0,14,0.0,29.435
sluban,482,476,5,1,355,7.46,12.01879447450046
slumberjack,4,4,0,0,3,0.0,122.01333333333332
sly,2872,2864,0,8,1623,270.37,38.54072712711486
smalvic,318,318,0,0,187,0.0,581.7418222298535
smart,46903,46123,583,197,19240,121258.25,853.74379844599
smartbuy,2781,2690,80,11,1674,65.14,7.6607455844185814
smartrike,10870,10659,157,54,6853,8122.900000000001,135.64104374841693
smarttextile,121,118,3,0,85,0.0,40.36536111111111
smarttrike,190,185,3,2,143,126.12,62.52596774193548
smartway,112,111,1,0,86,0.0,49.039216891133556
smashbox,21741,21240,347,154,10442,5744.27,39.01578938420236
smashers,26,26,0,0,17,0.0,25.222261904761904
smeg,115112,113247,1366,499,52893,225008.63999999998,852.8086020184917
smiger,430,425,1,4,306,458.16999999999996,106.4453561287478
smile,39483,38294,895,294,23221,11684.09,43.165997485049594
smk,422,421,1,0,303,0.0,285.7
smoby,5670,5622,36,12,3666,5121.0,499.41405706690466
sms,5401,5173,165,63,3507,648.27,10.29568163265306
smtt,144,140,4,0,111,0.0,7.290303030303031
snez,1222,1178,34,10,635,3750.66,326.8300100113135
snogear,326,323,3,0,268,0.0,217.82000000000002
snowcap,15468,15200,216,52,7614,3149.02,45.07080258082009
sofia,165,157,7,1,120,4.43,6.618138538748832
sofit,483,475,5,3,381,173.64000000000001,57.88
softoy,1593,1500,74,19,994,221.35999999999999,12.121932695087724
sokany,211,207,3,1,105,25.48,25.48
sokolov,672953,648918,16892,7143,244795,1045754.13,170.19814876338836
solaris,1869,1849,12,8,1197,526.72,31.408295476003126
solarstorm,173,173,0,0,106,0.0,43.24089907217539
solideal,47,47,0,0,35,0.0,203.3818976190476
solite,3648,3519,73,56,1532,5062.22,93.66559961306997
soliver,248,245,2,1,189,95.24,95.24
solnok,95,91,3,1,81,59.1,59.1
solognac,266,265,1,0,209,0.0,77.22
solomon,10685,10527,112,46,6257,13860.08,252.95989418563065
solostyle,12374,11937,336,101,8305,5462.52,55.013858662349726
sonar,82,81,1,0,59,0.0,18.572407407407407
sonata,272,265,6,1,160,92.67,92.67
sonda,1121,1105,10,6,726,169.88,28.52546086564334
sonel,27854,26954,588,312,13845,31572.0,101.28167733159113
sonifer,569,560,8,1,383,64.09,23.34650268922996
sonnaaskazka,135,131,4,0,85,0.0,44.666249465811966
sonny,369,339,26,4,223,241.95999999999998,77.24824488169334
sonor,544,537,7,0,368,0.0,291.9345670492739
sonoterra,79,73,5,1,48,11.33,21.769222222222222
sonusfaber,182,182,0,0,137,0.0,1058.7122398640786
sony,2174178,2046316,94199,33663,734551,12089299.24,423.0658498824249
sonyarose,131,131,0,0,92,0.0,35.89516600529101
sonyinteractiveentertainment,2778,2596,113,69,1692,4530.27,66.23096150446118
sordiant,5913,5030,731,152,3043,8199.189999999999,52.77741806860843
soskin,13,13,0,0,5,0.0,37.678
sospiro,865,843,15,7,500,2174.04,309.9392646711856
soundking,1147,1143,1,3,750,865.66,326.5882254036696
soundstream,689,688,0,1,515,24.45,86.80200083410259
sovtehstrom,19,18,1,0,16,0.0,19.713846153846152
sowell,349,340,7,2,212,929.24,477.48575438596487
soyntec,1597,1583,13,1,1160,2.55,4.570407637187889
sozzy,181,175,6,0,110,0.0,8.298011494252872
spalding,821,798,19,4,473,225.11999999999998,54.7066373464078
spalenka,297,293,4,0,172,0.0,22.642934027271107
spaquatoria,1988,1982,4,2,1462,97.56,28.680380369877575
sparky,83,82,1,0,64,0.0,428.16201785714287
sparta,32143,31415,463,265,15931,7780.93,29.63656943287488
specialized,849,840,7,2,524,2574.07,1289.7337381980367
spektr-pribor,1422,1344,56,22,769,1557.38,70.79
spektrsport,23,23,0,0,17,0.0,39.38
speroni,814,807,6,1,403,156.76,154.24665888894614
sphero,275,275,0,0,175,0.0,205.462023155416
spider-man,264,262,1,1,196,40.03,31.903659594530883
spiegelau,1151,1135,13,3,703,145.36,48.29053551655473
spinmaster,3132,3034,67,31,2123,4768.35,140.1849697802962
spinmasters,8,8,0,0,7,0.0,38.61
spinmop,5443,5159,226,58,2603,1207.48,20.98448433691238
splashlings,120,118,1,1,105,18.39,25.54603773584906
sportbaby,1037,1030,3,4,604,1107.78,314.5090502321635
sportelite,51638,49646,1591,401,19341,179952.55,397.2189215903687
sportop,3797,3607,163,27,1890,28919.66,1129.5841468934857
sports,1870,1751,92,27,772,15789.79,599.3902856216217
sporttovary,58,58,0,0,41,0.0,18.35
spur,12578,12487,57,34,9204,1061.77,29.82779746258279
squier,14621,14085,372,164,6572,39896.46,257.25250092552363
ssm,2270,2213,37,20,1599,5611.5,338.7007118278905
stabila,490,486,2,2,330,346.58,340.99532466503325
stadlerform,44,44,0,0,32,0.0,64.33
stagg,48316,45974,1654,688,22770,79257.79,128.86022593363123
stahlberg,196,196,0,0,162,0.0,80.9792649122807
stalemal,1731,1708,22,1,1107,32.95,49.24665637563459
stalker,5148,4997,123,28,2555,7480.86,278.45327753702327
standard,221,218,1,2,137,227.9,113.95
standardwinch,640,621,17,2,397,936.44,533.1535540130146
standart,296,293,2,1,230,99.23,92.22776168994167
stanley,140605,138671,1412,522,56881,25559.25,59.855036527543014
starfestival,922,903,16,3,718,81.09,55.1057607916583
stark,10770,10114,502,154,4504,73543.35,470.28833448864935
starline,473824,448057,19302,6465,142312,924695.5,157.93756368721594
starmix,2129,2110,16,3,1325,1840.4699999999998,216.13981768259882
starmom,6,6,0,0,4,0.0,5.02
startline,17249,16543,547,159,8411,60337.74,313.7886642582114
startlineplay,66,66,0,0,51,0.0,303.09
startrading,1413,1380,22,11,1072,159.28,83.82576126842432
startradingab,5768,5694,62,12,4386,1011.85,187.04876346337858
startradingabsvecia,1548,1538,9,1,1169,75.78,162.84499817451902
startul,20983,20772,128,83,15905,5790.049999999999,85.8952765449081
starwars,172,169,2,1,124,28.73,23.530344564240792
starway,3050,2817,200,33,1518,459.66,14.073774986257849
stationeryteam,159,148,9,2,117,66.28,35.41732985263194
staub,40,40,0,0,22,0.0,187.47301587301587
stavia,114,113,0,1,87,43.45,43.048907979407986
stavr,837,828,8,1,561,29.86,41.189403996732274
stayer,32347,31539,635,173,19607,5241.91,30.57412703913524
stealth,274,268,3,3,169,191.52,63.8318253968254
steba,93,86,5,2,51,241.92,120.96
steelflex,5396,5388,6,2,3922,2296.33,1343.3396307320731
steelpower,1623,1556,49,18,754,445.23,21.693439410970797
steelseries,32990,31541,1068,381,15275,26808.75,91.23132517411642
steffilove,941,919,16,6,660,192.39,30.627922363039122
steger,1180,1109,65,6,726,367.07,76.13338872907576
stellar,356,352,4,0,286,0.0,3.383218925518926
stels,746555,714310,22748,9497,286793,880180.99,90.9834019562753
stelz,271,271,0,0,208,0.0,20.530547052154198
stendmebel,64220,62771,1050,399,39469,62073.22,157.3713243459164
steppuzzle,13036,12585,335,116,9331,4074.53,34.798486749515426
stermay,336,326,9,1,194,9.01,8.545416916416917
stern,225,223,1,1,145,21.6,21.15000936329588
sterntaler,2167,2145,21,1,1644,31.66,28.9337383277428
sti,831,825,4,2,435,76.44999999999999,40.31694897439877
stiga,12634,12256,285,93,7327,8351.66,124.33209195780775
stihl,63916,61904,1443,569,21610,155744.86,373.08440848395935
stikbot,1289,1223,57,9,611,245.4,26.458061202965617
stilvasejspalni,290,289,1,0,197,0.0,29.642007936507934
stilzizni,336,333,2,1,242,26.13,28.290380029531192
stinger,2926,2875,32,19,1672,1900.9299999999998,114.6721284084605
stinol,1002,991,6,5,613,1433.89,270.98328589029023
stl,562,548,10,4,353,49.79,21.858426789763524
stn,49,49,0,0,36,0.0,92.56392857142858
stockli,644,640,3,1,359,1286.78,901.6178512728181
stokke,5085,5041,27,17,3074,5433.49,433.5739754974018
stolicatekstila,2528,2498,27,3,1238,96.91,32.95847248513911
stolline,151,150,1,0,90,0.0,128.7
stolplit,8247,8195,43,9,5420,3533.43,431.721995143671
stonelock,1214,1180,27,7,683,1194.35,167.4325006495179
stor,3,3,0,0,2,0.0,8.84
storm,1243,1239,4,0,978,0.0,163.5982519723278
stretcharmstrong,163,159,3,1,107,17.74,19.02105876068376
strikemaster,353,352,1,0,264,0.0,843.05
strobbs,151390,148103,2240,1047,89143,57356.68,53.710562309647344
strong,5869,5395,340,134,2934,15176.84,113.26
strunal,114,111,2,1,64,308.89,286.7080857354028
stryj,1275,1239,33,3,797,257.33,73.89857379711928
studiatek,11,11,0,0,8,0.0,6.44
studio,94,91,3,0,73,0.0,3.72
studiomaster,219,219,0,0,151,0.0,856.9158401833461
studioprofessional,5457,5230,196,31,2800,97.73,2.9213820174808403
stuntcar,5531,5418,110,3,3691,92.41,30.667256871736722
stupidcasual,132,127,4,1,96,26.13,23.874027777777776
suave,3340,3309,11,20,2290,2115.92,96.99600190330017
subea,44,43,1,0,40,0.0,180.18
subini,13079,12766,221,92,6541,9501.09,109.23585415678846
suda,7,7,0,0,6,0.0,8.42
sudaruska,48,48,0,0,35,0.0,54.13847222222222
sufix,497,491,5,1,321,10.17,10.17
sulhwasoo,145,143,2,0,84,0.0,285.66997508818343
sulongtojs,15,15,0,0,12,0.0,56.37
sulu,16592,16186,258,148,10605,11788.92,65.7425502435201
sumadl,1,1,0,0,1,0.0,846.61
sumdex,15646,14948,528,170,7314,4654.1,31.768347113420482
sumitomo,24,24,0,0,20,0.0,69.5
sun,6580,5969,451,160,2564,7565.4,46.82914288144813
sunbody,1264,1243,18,3,691,181.47,60.489999999999995
suncolor,623,606,16,1,288,19.65,23.754385891860633
sunday,4004,3955,34,15,1966,4095.04,308.521295376854
suneight,2019,1947,55,17,1087,248.46,14.81068285068896
sunfull,836,806,4,26,510,1405.56,54.06
sunlike,6,6,0,0,5,0.0,21.97
sunmi,2882,2816,49,17,1631,3500.81,205.93
sunsuki,1150,1148,0,2,842,2368.14,1203.3890559440558
sunsystem,828,820,7,1,356,959.26,664.2611321040071
suntech-msks,188,188,0,0,138,0.0,180.0448
sunwide,17455,15797,1217,441,8957,24961.74,60.60266526878756
superfine,139,125,8,6,73,61.1,11.215709401709402
superlux,620,606,10,4,396,272.86,68.86787542956262
supermicro,204,204,0,0,162,0.0,60.2878640776699
superwings,1325,1313,11,1,870,23.0,17.417624055283817
supra,8,8,0,0,5,0.0,26.29
suunto,16877,16655,176,46,6701,19921.82,407.06072091979314
suzuki,433,431,2,0,321,0.0,704.887391858349
sv,666135,653360,9016,3759,302609,919569.4199999999,287.6229244738333
svar,273,273,0,0,172,0.0,317.04302589385924
svc,42702,40407,1743,552,13328,25263.47,67.287949457286
sven,197200,186774,7626,2800,77696,103491.06,38.66816874345887
svetogor,240,237,2,1,171,38.59,38.59
svinkapeppa,3,3,0,0,3,0.0,51.28
svoboda,150,147,3,0,111,0.0,1.717203216374269
swarovski,232,230,2,0,158,0.0,235.51807476635514
swat,59688,57870,1281,537,31198,35069.5,76.13186964549664
swatch,19159,18821,233,105,7082,10915.95,106.44026916477382
sweety,3745,3467,178,100,1828,1237.3300000000002,10.51885459506693
sweetyhome,506,485,19,2,300,25.71,22.23549397605637
swisshome,29093,28389,432,272,14973,32368.760000000002,125.07708076157957
swissimage,39,38,1,0,35,0.0,1.5675757575757576
swissline,2004,1937,49,18,1111,707.87,78.84479870214865
swissmilitarybychrono,1549,1515,24,10,639,1569.4299999999998,170.42928123462806
swissmilitaryhanowa,834,825,6,3,377,554.71,263.70653245172934
sx,18,18,0,0,15,0.0,5.66
sylvanianfamilies,209,206,3,0,139,0.0,66.82256808185122
syma,34139,33522,462,155,15108,11370.52,87.53039880451021
symkaj,74,74,0,0,61,0.0,77.14
synology,1519,1485,26,8,781,3178.84,532.3599820566719
syntrax,3313,3195,87,31,1706,1160.01,39.21138258073139
szkeo,2,2,0,0,2,0.0,5.33
t-max,19465,19305,105,55,10185,21194.57,434.5507264515199
t-rex,4340,4115,155,70,1815,4169.23,62.07965425539213
t.bone,1,1,0,0,1,0.0,36.04
tacki,8,8,0,0,8,0.0,15.11625
tactic,2032,1926,82,24,1093,357.33,14.605962289015578
tacx,5134,4935,144,55,2824,19626.0,437.436533652555
taftoys,774,768,5,1,531,42.96,47.60243085279239
tagheuer,5866,5815,36,15,2819,27758.72,1780.6961168683943
tailg,33,33,0,0,21,0.0,566.27
taitong,123,116,4,3,93,994.34,325.0760876369327
tajnaazizndomasnihzivotnyh,29,29,0,0,21,0.0,60.129411764705885
takamine,6011,5888,97,26,3076,20779.11,1602.5946201927516
takeit,2280,2189,71,20,1583,321.72999999999996,13.371409517429313
tako,955,937,13,5,513,2754.25,556.207464062322
taller,5006,4870,108,28,3040,560.24,19.58605199163275
tamaris,36409,35927,321,161,23170,11868.3,75.56793338877817
tamish,2221,2142,69,10,1135,109.91,14.207004529137869
tamiteks,10596,10406,155,35,3611,1667.97,50.135588019842075
tamron,741,725,13,3,466,1725.86,725.6318243590233
tangleteezer,213,206,5,2,159,31.4,15.493986322188448
tanglewood,1504,1481,15,8,777,1928.0,303.9195973882964
tao-tao,379,371,8,0,213,0.0,205.75659055386646
target,792,777,13,2,447,92.50999999999999,37.55136580894203
targus,435,428,6,1,289,42.76,48.30122701837176
tarkett,67247,64226,2749,272,27720,1775.58,7.643310057036391
tarlan,1047,1031,12,4,546,3970.38,994.9668224570422
tascam,270,269,1,0,185,0.0,212.63659580498867
taschen,2,2,0,0,2,0.0,32.43
tatami,655,637,12,6,502,299.59999999999997,47.549776297934564
taxi,476,450,17,9,260,604.74,72.01528495930741
tch,7031,6937,65,29,3717,1881.37,70.60436517185092
tcl,220319,204494,11530,4295,82918,1090049.54,289.1490171977303
tdm,681,679,2,0,426,0.0,17.39731448009979
tdmelectric,63,63,0,0,54,0.0,49.071
teamgroup,4360,4148,158,54,2526,2369.57,58.836669578848095
tec,6086,6061,17,8,3182,1726.96,233.6425402782976
tech-line,3357,3306,20,31,2355,8503.789999999999,302.05285134938833
technogym,2099,2095,3,1,1701,310.15,319.137255661145
technomax,4735,4682,27,26,2726,4116.0599999999995,308.9476287422454
tecno,35470,33493,1297,680,16024,87738.69,108.39446211381292
tedmyfriend,267,261,4,2,187,23.16,10.432870583717358
teens,71,71,0,0,57,0.0,59.696041666666666
tefal,856539,811574,32313,12652,312655,1374304.39,123.40551361098768
tega,6384,6222,135,27,2772,282.39,10.497652732735265
tehnopark,98,97,1,0,65,0.0,8.207882882882883
teka,7484,7420,46,18,4489,8345.43,611.6962533981231
teknetics,804,798,2,4,438,1348.9099999999999,338.87247211350297
teknum,15654,14955,525,174,6639,13317.859999999999,73.56663466177584
teks,81,80,1,0,49,0.0,132.64530303030304
teks-dizajn,4,4,0,0,4,0.0,61.98
tekst,36,36,0,0,24,0.0,9.05
tekstilnaalavka,190,188,2,0,140,0.0,39.82436470588235
telecom,166,161,3,2,106,30.84,14.800555555555556
telefunken,5596,5523,60,13,4037,316.57,24.72988401801298
telwin,2734,2703,23,8,1554,3937.89,881.8909519773023
temp,1695,1641,43,11,978,845.62,73.51983215839957
tempish,2606,2561,34,11,1409,481.10999999999996,47.20659607475086
tenda,5969,5881,61,27,2619,839.9300000000001,34.05451664851669
teorema,1758,1742,12,4,997,266.1,255.50360122290897
teosa,37235,36442,554,239,17107,10637.88,48.59828129570212
teplokryma,502,501,1,0,315,0.0,40.151431821548755
teploross,25913,24615,990,308,9068,52276.6,190.48066431781533
teploteh,344,336,8,0,211,0.0,64.09
tera,286,286,0,0,224,0.0,99.23850552304837
terleckikomiks,7,7,0,0,6,0.0,8.49
termia,86,86,0,0,54,0.0,33.98
terminus,734,727,5,2,475,243.63,230.84792690360575
terra,4563,4487,54,22,2595,2746.7200000000003,125.34344906082008
terris,12601,11906,522,173,6118,6151.3099999999995,35.91935769670392
tesla,10,10,0,0,7,0.0,49.19571428571429
teslastyle,1229,1204,19,6,740,965.16,209.80097133391297
tesler,632,624,3,5,399,384.79999999999995,47.207414530830995
tesma,156,156,0,0,89,0.0,33.50395425685426
tesoro,6355,6343,6,6,4029,324.46,49.7835913322252
texa,642,641,1,0,380,0.0,25.699101354608104
texet,160509,152358,6129,2022,58298,45478.91,25.197592835420743
textura,2766,2692,62,12,1431,948.31,89.02069853709166
teyko,1080,1036,35,9,545,549.99,63.387389888935125
thefaceshop,1,1,0,0,1,0.0,16.71
thenice,680,674,5,1,462,55.34,55.34000000000001
thenorthface,244,242,2,0,155,0.0,38.589999999999996
thermalright,9,9,0,0,8,0.0,65.66
thermaltake,44016,43055,695,266,18297,29448.11,146.28407074925482
thermex,47980,45049,2105,826,16680,86511.64,109.80007926955301
theshinestonetrade,12823,11939,697,187,8664,862.07,4.61
thomas,171280,163502,5850,1928,53935,639691.14,337.67868743340364
thor,84,84,0,0,53,0.0,168.29985416666668
thorvik,926,912,10,4,750,302.72,75.68
thqnordic,902,886,11,5,741,180.04999999999998,36.01
three-a,141,141,0,0,92,0.0,65.64076719576718
thrustmaster,11666,11485,144,37,5270,11924.31,404.71772934081326
thule,32740,32237,379,124,17730,26715.28,343.21897754970297
tianzhanfitness,786,775,10,1,469,2046.38,1702.245941958883
tierra,333,333,0,0,212,0.0,46.942032687651334
tigar,69629,65692,2911,1026,36974,73551.58,65.48840549157391
tigerking,73,73,0,0,51,0.0,1329.4619298245616
tigres,321,318,3,0,246,0.0,10.789412077922078
tima,2311,2272,23,16,1373,315.28,20.79619255043547
timbergroup,103,101,2,0,62,0.0,61.39000000000001
timberk,99719,93916,4207,1596,39803,69207.95,48.99121382048668
timi,54,54,0,0,49,0.0,5.5026190476190475
timilostworld,51,51,0,0,43,0.0,5.772666666666667
timson,10128,9688,362,78,5644,1260.25,17.075102770352885
tinyfurries,118,112,6,0,66,0.0,28.37597142857143
tinylove,747,739,5,3,513,156.74,87.11898360848654
tinytoes,94,94,0,0,62,0.0,36.547551020408164
tisa,3062,2959,90,13,1690,173.5,20.180111476735444
tissot,150133,147479,1850,804,43038,375284.63,637.3868980519544
titan,12996,12688,203,105,7100,10956.82,96.26125154028666
tizianaterenzi,379,349,25,5,196,109.4,24.027818758984075
tizo,654,635,13,6,378,71.17,11.855442176870747
tl,738,730,7,1,506,68.65,49.020259227775746
tmnt,1770,1732,35,3,1152,122.97,43.18862131057261
tmsweetpups,40,36,3,1,24,14.57,14.569999999999999
to-plan,14,14,0,0,12,0.0,4.447727272727273
tobot,16747,16225,482,40,8669,2166.1,51.70503663240274
tognana,12825,12656,145,24,7928,1211.86,38.99888862598468
tokina,60,56,2,2,42,1602.32,873.8293872549019
tokler,1137,1068,42,27,578,2170.87,75.5650244683946
tokuryo,338,335,2,1,226,8.73,9.946939890710382
tomahawk,40842,40118,489,235,19842,23554.58,95.01712423617371
tomex,30,30,0,0,22,0.0,24.26101731601732
tomfarr,233383,231932,1094,357,123299,45201.56,134.0218659067705
tomford,4615,4398,160,57,2684,4609.6,203.50029690220288
tomik,64,64,0,0,53,0.0,11.56
tomix,216,210,5,1,156,4.22,45.051776742993844
tommy,3,3,0,0,3,0.0,50.169999999999995
tommyhilfiger,357,349,6,2,275,460.24,229.84685917079176
tomoloo,345,345,0,0,271,0.0,371.73
tonar,9072,8670,304,98,3880,5036.6900000000005,57.24344910266434
toneybaby,335,333,2,0,254,0.0,231.40999999999997
tontarelli,1295,1255,30,10,787,75.44,7.512138322155018
tonybellucci,24811,24142,502,167,10694,15082.73,78.70363500906743
toocool,375,373,2,0,239,0.0,28.874836402768604
tools,1612,1550,47,15,1092,164.33,9.112780274421988
topex,1200,1179,16,5,1006,374.02,52.0733509805105
topface,5814,5608,164,42,3169,158.07,4.026263025586955
topicrem,3666,3529,104,33,1477,536.75,14.792089655280629
topran,36,36,0,0,29,0.0,15.898823529411766
topten,1114,1074,32,8,588,211.07999999999998,25.059165383007034
toptools,1431,1398,26,7,1113,436.58000000000004,65.30661904761905
torch,290,279,10,1,148,3.86,4.066059679285061
torgue,146,144,2,0,84,0.0,375.3485547664141
tornado,28,28,0,0,23,0.0,35.96864583333333
torneo,669,661,8,0,425,0.0,57.81365828707048
toro,29910,28706,910,294,14344,4114.69,13.70120074113805
torrent,19244,18590,483,171,10324,13085.880000000001,87.1671032185198
torres,1408,1373,31,4,843,131.54,26.089908366424886
torso,903,880,20,3,446,71.48,25.571605199010747
toscom,210,209,1,0,143,0.0,18.53665168539326
toshiba,89733,86139,2646,948,39309,243946.25,294.8565288093055
totachi,375,330,31,14,155,1387.3999999999999,107.69113429485962
totaku,824,792,24,8,544,160.4,20.05
total,93400,89320,3030,1050,46807,44262.0,39.46842354256535
totalbox,795,794,1,0,426,0.0,366.000096058993
toto,893,862,23,8,616,61.6,7.755547465437789
totolink,10,10,0,0,6,0.0,46.626666666666665
totu,3,3,0,0,2,0.0,28.945
touchbeauty,8026,7938,66,22,3674,1040.02,119.31227492540745
tourist,261,261,0,0,202,0.0,69.47
tous,770,751,15,4,412,115.9,39.55995203054255
toway,1491,1278,131,82,826,21487.280000000002,262.04
toyland,2636,2475,125,36,1415,8855.35,240.30932092246596
toymonarch,240,213,16,11,88,2012.8899999999999,169.43246061058693
toyo,54307,51565,2015,727,29602,68821.18,95.62012918485966
toyota,26810,25921,661,228,11129,36023.19,161.4715279809162
toysmax,500,488,9,3,342,155.45,49.33895345573966
tp-link,225592,214626,7955,3011,70742,195427.17,59.82722198497417
tpmaster,1720,1659,48,13,998,239.37,18.35940972222222
tracker,941,932,9,0,626,0.0,23.94
tradiciatekstila,115,114,1,0,81,0.0,47.494126984126986
tramontina,79337,77642,1441,254,32104,7181.69,48.6089406608027
transcend,171305,157897,10348,3060,54633,143266.32,59.932375260917915
transformers,974,918,45,11,598,216.72,19.2429204610568
traser,3475,3449,20,6,1407,1955.76,483.57278610692043
travelite,5374,5273,62,39,3059,4356.59,95.13777446053943
travellight,3398,3342,36,20,1865,1270.29,55.4351058472429
traxxas,270,258,8,4,135,332.56,83.14
trazano,454,405,34,15,256,4294.42,189.7484351836673
trebl,83676,79902,3192,582,40759,42354.16,77.97178167549039
trefl,3865,3807,43,15,2506,103.85,8.282457480230578
trek,9031,8933,70,28,3955,12297.91,515.7514512823263
trendbeauty,699,675,21,3,477,27.54,9.35876762594516
trendbeuty,237,228,7,2,165,39.9,14.089700194931773
trendvision,453,450,3,0,272,0.0,145.99563433159722
trendy,137,137,0,0,123,0.0,110.67999999999999
trespass,275,273,0,2,187,9.52,4.76
trevi,3640,3631,9,0,2625,0.0,1525.6750180844454
trevorjames,253,252,1,0,195,0.0,1274.16
triangle,498832,461127,24897,12808,198382,647736.33,53.55328621349048
trianglegroup,224,217,2,5,115,382.25,76.45
trichup,1014,940,61,13,603,45.05,3.816676071189226
tridevatoecarstvo,584,573,7,4,363,1132.6,283.15
trikota,191,185,5,1,122,8.31,12.25333869581597
trinx,6384,6285,55,44,2832,8155.9800000000005,184.96916313150788
tripplite,38,35,2,1,22,14.05,14.563684210526315
tristar,24924,24431,371,122,14536,3919.5,31.323126182498196
triton,26108,25597,388,123,9820,31972.71,293.2529104414636
triumf,5862,5715,114,33,3806,6739.2300000000005,159.34780390336076
triumph,4641,4561,66,14,3307,136.25,23.041007811227935
triumphnord,4125,4011,86,28,2777,2795.2,115.22555892235357
triumphtree,8641,8478,135,28,6311,1983.87,423.6795082636116
trollbeads,46783,46470,218,95,29868,10054.81,141.27209661478813
troyka,8057,7677,292,88,4903,1101.6399999999999,12.355218389868487
true,111,110,1,0,75,0.0,244.54
trukinauki,277,269,6,2,180,15.14,9.458351297228848
trunki,672,654,14,4,408,392.0,85.20042593819606
trussardi,14065,13423,471,171,5941,8848.87,55.57638958645002
trust,79478,76674,2121,683,38733,32165.31,48.675902408298946
truva,346,345,1,0,249,0.0,420.1766708221025
tsg,1,1,0,0,1,0.0,125.87
tsubaki,2884,2721,126,37,1320,326.39000000000004,10.037037354296007
tsv,466,460,5,1,347,64.89,69.75116873371597
ttco,480,475,3,2,391,342.36,171.18
tuarex,129,126,1,2,89,105.86,32.09608496732026
tucano,2861,2736,94,31,1803,949.94,36.660423716956004
tuctuc,151,149,2,0,120,0.0,63.867374999999996
tuff,16,16,0,0,14,0.0,772.22
tuffoni,5945,5883,39,23,4200,2689.42,127.65158404894032
tuka,11132,10674,342,116,6537,2642.38,23.115458296515374
tuncmatik,742,709,27,6,368,281.79,123.22967448425612
tundra,3619,3598,14,7,2219,376.45000000000005,47.38327078113088
tundracomfort,15,15,0,0,13,0.0,122.19888888888889
tunga,261966,237615,18986,5365,121032,187029.13,34.86849900831348
turbo,44539,42688,1403,448,19702,27495.72,66.83725402075247
turboair,33741,32586,860,295,13628,14603.8,50.62128066193852
turbosound,517,505,7,5,322,5050.31,914.9327161879787
turtle,230,223,5,2,116,246.86,120.6072669683258
turtles,241,225,14,2,137,55.64,28.102941955878396
tutis,7431,7327,69,35,3170,14104.28,426.9520516059765
tutti,3761,3645,87,29,2000,1176.34,39.50648272809983
tutu,101,100,0,1,48,5.02,4.7054838709677425
tv-shop,2518,2393,89,36,1369,917.28,24.40396673464754
tvs,78,78,0,0,62,0.0,12.077499999999999
twinkly,151,151,0,0,121,0.0,746.4800000000001
twins,1152,1152,0,0,754,0.0,6.741977329693309
twistclimbingcar,1177,1120,43,14,659,461.30000000000007,35.21156860704329
twistypetz,57,57,0,0,35,0.0,27.99361201298701
ty,2882,2849,12,21,1808,130.96,6.164219383108593
tyr,1911,1882,25,4,1103,272.85,70.13211129451223
tyrex,7198,6441,451,306,3129,75437.58,239.73807733878
tytan,483,474,9,0,279,0.0,4.077574859592845
ubear,204,202,1,1,181,15.44,18.286293103448276
ubiquiti,1480,1465,12,3,691,286.37,120.91926961482807
ubisoft,32285,30705,1157,423,15830,13199.9,37.90577544901302
ubtech,57,57,0,0,39,0.0,115.1632258064516
ugreen,5728,5528,164,36,3341,499.21000000000004,14.578911328143642
ukikids,407,393,9,5,228,283.0,61.05553030303031
ultimatenutrition,14,14,0,0,11,0.0,29.909000000000002
ultimatumboxing,140,139,1,0,99,0.0,146.67823901098902
ultraflash,1871,1845,17,9,1140,95.27,12.001243511661189
ultrapowersports,289,265,18,6,142,1204.68,200.78
ultrasone,61,61,0,0,41,0.0,68.64933823529411
ultravit,379,364,11,4,182,58.3,15.837514423076923
umi,41277,39436,1356,485,24225,232641.08,495.9675876663125
umka,269,262,4,3,213,50.94,8.707867857142856
underarmour,1413,1389,19,5,859,193.05,38.61
uniforce,320,312,4,4,175,65.88,16.064087786940725
unikum,113,109,1,3,58,386.09999999999997,128.7
unilux,23086,22697,291,98,6311,48866.36,597.6378207602248
unison,1067,1049,13,5,777,104.21,19.679143199400972
unit,34093,32748,953,392,18405,13052.93,44.43573387058885
unitedcolorsofbenetton,218,212,5,1,138,10.95,11.849461538461536
universal,85,82,2,1,60,346.84,350.1225
unknown,23463568,22697203,552062,214303,6368113,29842410.78,193.04362038220873
uno,18835,18114,551,170,7528,87394.17,518.1276762004369
unyjatlet,2232,2110,98,24,1192,2908.7400000000002,121.707923897
uomo,720,707,6,7,463,1261.12,175.48744846596355
upright,1132,1120,7,5,633,112.66999999999999,23.27189755792166
uragan,1974,1797,100,77,862,2992.99,38.87
ural,1312,1275,26,11,902,2095.2799999999997,167.30850531876607
ural-mikma-term,288,288,0,0,115,0.0,161.15357724585422
uralsport,970,880,72,18,453,867.21,50.41589078455126
urbanears,586,577,8,1,386,36.01,78.25775502978503
urgaz,973,950,16,7,686,858.6800000000001,109.51186548821549
uriage,346,344,2,0,184,0.0,24.344151865493938
usams,34397,33457,633,307,24457,14598.98,45.094874584560394
usborne,363,351,9,3,212,47.34,12.975093393196842
useandcare,129,129,0,0,96,0.0,34.79486772486773
usmedica,104,103,1,0,66,0.0,210.75917701863355
usplabs,16,15,1,0,12,0.0,34.23145833333333
uta,7401,7229,123,49,3959,35452.64,994.6387088590925
uvelirnyetradicii,370,360,5,5,282,105.66,25.05401423228828
v-color,51,51,0,0,39,0.0,87.49263157894738
v-t,228,222,5,1,166,20.15,20.1425
v-unic,114,114,0,0,63,0.0,257.4264761904762
vagoriginal,9,9,0,0,9,0.0,48.65
vaiper,279,272,5,2,153,172.46,186.49024786324784
vako,20439,19866,474,99,8814,7247.639999999999,69.8481039739364
vakosa,17,17,0,0,14,0.0,0.99
valberg,3818,3731,69,18,1422,2751.98,336.44693225178514
valentino,1889,1833,33,23,973,1736.32,78.79302752065426
valkiria,21160,21013,121,26,12808,850.49,31.63986906502234
value,571,571,0,0,453,0.0,450.1592127759627
valve,345,345,0,0,252,0.0,126.09999999999998
vans,4152,4105,36,11,3048,720.76,77.05167060999196
vard,38,37,0,1,29,669.26,669.26
vardoven,1353,1321,13,19,1030,12510.02,658.2989255975394
vargame,629,615,13,1,386,28.31,28.31
vari,269,266,3,0,181,0.0,39.51923027319902
varta,34181,32700,1006,475,14211,54321.549999999996,113.76222159724256
vasco,12,12,0,0,7,0.0,177.97857142857143
vasden,336,312,20,4,193,476.19,174.0534864810331
vasilek,21,21,0,0,17,0.0,45.775333333333336
vasilisa,1797,1729,51,17,1170,407.54,24.81510419446995
vasin,154,136,9,9,97,3595.94,398.35590136054424
vaude,724,717,5,2,458,385.59999999999997,161.0088508100827
vcom,695,663,26,6,460,105.10999999999999,17.01842463959451
vdk,98,98,0,0,74,0.0,117.97330900621118
vdovichev,272,266,4,2,218,10.4,5.932832981397688
vece,2,2,0,0,2,0.0,8.49
vectron,5718,5653,50,15,3210,7100.55,473.51882962606305
vega,180770,176777,2807,1186,82767,31260.4,28.385519607420168
vegas,135877,132192,2582,1103,47057,231946.06,239.8636460062621
veho,8141,8061,46,34,5574,780.99,31.41364231416211
velform,281,270,7,4,167,40.16,10.04
velikiereki,96,89,7,0,58,0.0,28.984130821559393
vellarti,1135,1131,4,0,746,0.0,33.02550849626854
velo,373,361,9,3,208,231.66,77.7515958066756
velositywheels,11,11,0,0,9,0.0,592.04
velvet,23993,23286,571,136,12208,21342.89,156.9479149187569
velvet-santiago,18129,17848,197,84,8828,27626.97,320.05376560148915
venta,5820,5718,77,25,2672,7590.16,513.4790150105711
ventara,2254,2249,4,1,2013,227.03,227.83115050169997
venti,288,287,0,1,211,205.93,225.5241704006567
ventura,907,879,20,8,594,1323.1799999999998,43.00875617827289
venum,444,421,18,5,271,471.06000000000006,111.69187970276087
verbatim,6131,5881,192,58,3471,2611.67,43.03827958728204
verdi,2535,2499,29,7,1234,3065.71,450.2832953731124
verico,41,40,1,0,29,0.0,13.893333333333333
veritas,3356,3087,201,68,1288,9732.71,151.8745324254013
verloni,29963,28615,1091,257,16591,10786.5,49.707185608323044
verossa,5917,5718,150,49,2925,1943.5,41.729066333108
verran,61,61,0,0,53,0.0,30.89
versace,182308,173473,6261,2574,80280,249228.42,303.11545943074486
versal,104,103,1,0,77,0.0,15.8474213836478
versale,21088,20406,540,142,9791,20408.85,132.67026072738278
versus,1383,1373,4,6,920,1800.74,302.061172076402
vertex,4894,4880,13,1,3191,93.91,84.29905436217972
ves,2408,2373,25,10,1647,257.9,20.186951775765237
vesna,72,72,0,0,58,0.0,16.9728
vesta,126,125,1,0,95,0.0,26.550656084656087
vestel,20276,19539,518,219,9491,73106.99,342.0386713929657
veston,21218,20332,643,243,10648,9724.01,40.30439885263712
veurne,40,40,0,0,37,0.0,36.04
vgp,386,386,0,0,249,0.0,31.409151846151847
vialata,157,151,6,0,99,0.0,3.8429063852813856
viatti,463032,419924,32464,10644,212407,463459.41,44.83649402745833
vibe,775,763,7,5,451,341.57,70.80071379695566
vicalina,541,529,11,1,343,43.76,43.76
vichy,40461,38824,1255,382,12454,9759.76,26.362773712085474
vicovation,10,10,0,0,9,0.0,89.84
victor,670,667,3,0,482,0.0,16.19
victoriashu,578,547,21,10,391,45.97,4.832650800588652
victoriassecret,1319,1226,68,25,656,975.51,21.806803085782853
victorinox,8530,8273,197,60,3201,2273.19,44.47571516260466
viessmann,1674,1660,11,3,621,2704.75,817.569219076303
view-master,10,10,0,0,6,0.0,8.83
viewmaster,4963,4852,93,18,3260,302.76,16.82
viewsonic,10939,10637,227,75,5122,32684.84,519.8050311250254
viga,1047,1018,24,5,605,111.31,25.65631926681825
vigoole,2,2,0,0,2,0.0,50.19
vihr,37533,36018,1215,300,19977,12021.57,40.93658862105674
viking,6110,6070,27,13,3057,6081.5,639.9028341228307
vilatte,9756,9698,50,8,6220,301.65999999999997,38.24679062214001
vilenta,86,86,0,0,66,0.0,1.504531914893617
vilia,261,250,6,5,197,62.400000000000006,12.463943661971832
villa,6,6,0,0,3,0.0,12.36
villi-vinki,406,401,5,0,333,0.0,8.712887901039771
vilt,9,9,0,0,8,0.0,23.14
vim-art,10,10,0,0,9,0.0,2.75
vinzer,29569,28872,528,169,16098,9766.41,76.30849049853825
violet,33,32,1,0,19,0.0,55.927680776014114
vionne,78,76,1,1,39,3.84,3.84
vip,585,582,2,1,466,15.37,15.37018916464891
vipe,3068,3035,27,6,2261,182.86,26.889317787618577
vira,74,74,0,0,66,0.0,51.391059999999996
visage,3576,3543,25,8,2305,308.88,38.61
visavis,22355,21908,377,70,10832,863.97,11.372011248802506
visma,161,157,4,0,108,0.0,6.014531793515127
visnevyjpapa,452,437,13,2,323,19.0,8.980583217457637
vissol,354,346,6,2,255,988.44,804.7282032008926
vista,933,922,8,3,651,599.76,235.45491806795326
vita,134,134,0,0,100,0.0,25.2188
vitaluce,3159,3064,67,28,1613,802.98,26.61272741564148
vitax,4,4,0,0,4,0.0,17.66
vitebskiekovry,7153,7074,65,14,4037,1435.31,87.28000161702718
vitek,1033616,971307,46070,16239,384754,677098.4299999999,47.15097446508568
viteks,288,274,12,2,167,3.9399999999999995,2.2667837687257917
vitelia,512,509,3,0,283,0.0,42.39787170132735
vitesse,612,604,6,2,306,44.78,23.35152289888096
vitra,1651,1619,26,6,1042,860.5699999999999,125.71950102253933
vitross,209,208,1,0,166,0.0,85.41344946808512
vitus,1280,1278,2,0,1066,0.0,5.2259154110951505
viviennesabo,6833,6245,476,112,4099,411.28999999999996,3.63371712788443
vivitek,2634,2619,15,0,1545,0.0,1275.5661928120087
vivo,485912,461038,17763,7111,151595,1738362.68,284.8755731743046
vladi,10926,10702,159,65,5442,2332.48,37.969232114883646
vladitoys,782,765,15,2,547,14.68,7.109983855355454
vlk,277,268,6,3,161,50.88,16.96
vmgconsultancy,1,1,0,0,1,0.0,8.37
vmv,958,951,4,3,679,138.91,126.05760300318222
vobix,1509,1486,20,3,931,398.90999999999997,262.1029937867844
voda,151,149,2,0,97,0.0,66.26017036679536
vogue,16,16,0,0,13,0.0,167.06
voin,198,193,5,0,136,0.0,35.37729411764706
vokter,89,89,0,0,77,0.0,37.75
vokul,107,105,0,2,51,164.22,81.85479338842975
volcano,1150,1125,21,4,573,1813.54,415.1980713687118
volkl,2532,2479,39,14,1419,4861.36,314.70046428129467
volsebnaanoc,422,420,2,0,331,0.0,52.76872160229199
volta,32113,29366,1981,766,13943,36695.36,56.8331206391559
voltajr,72,55,10,7,36,1009.0500000000001,167.54777777777778
voltman,24858,23060,1214,584,9703,46128.63,79.8381551093261
voltmaster,2744,2585,113,46,1286,3755.61,84.55927922554912
vorson,51,51,0,0,39,0.0,38.61
vortex,122,122,0,0,76,0.0,17.42919642857143
vossen,4780,4662,103,15,2708,5431.29,374.38570647427304
vov,25,25,0,0,17,0.0,10.589444444444444
vox,70,70,0,0,58,0.0,108.07448979591835
voyager,154,139,12,3,67,110.69,37.14862745098039
vozak,24,23,1,0,12,0.0,55.54913580246913
vplaboratory,53,53,0,0,31,0.0,44.13961538461539
vrema,3,3,0,0,3,0.0,12.57
vsestularu,2567,2510,47,10,1313,890.37,113.57359629669332
vt,2263,2210,34,19,1313,492.28,27.718360133444573
vtech,4291,4227,48,16,2784,746.53,62.562904842838826
vulli,1862,1820,32,10,1115,196.21,26.07731981008936
w-star,3973,3730,171,72,1674,4790.88,68.67586336894696
wacom,31955,30331,1203,421,10750,73588.97,284.7118527657844
wader,47,47,0,0,38,0.0,18.631717171717174
wagner,6164,6001,100,63,2918,19433.309999999998,413.0397333000013
wahl,3989,3857,96,36,1603,1942.3899999999999,79.32019718272822
walfix,10358,10103,207,48,4342,843.4399999999999,14.637811386104811
walkmaxx,9135,8787,280,68,5905,3074.13,47.45022149404825
wallberry,18761,18204,445,112,10178,1394.98,12.724511211454782
wanday,71,65,5,1,55,10.27,10.27
wangfeng,1069,1037,20,12,666,504.18999999999994,42.36794530591859
warmic,43,43,0,0,20,0.0,338.2572180451128
warrior,1105,1054,35,16,471,1250.1799999999998,99.68901771379225
waspo,1047,1043,0,4,841,164.76,41.19
waterpik,5199,5086,86,27,2249,4523.13,174.68753235709514
waterworld,756,735,18,3,502,61.0,26.066511777675768
wd,109,107,2,0,74,0.0,126.3528813559322
weber,4255,4232,15,8,2416,2722.31,593.2415236810052
weber-vetonit,179,179,0,0,122,0.0,5.663514492753624
wedssport,29,29,0,0,28,0.0,411.8500000000001
weekend,61329,61141,155,33,34090,23390.54,740.7040074299052
wehncke,1975,1972,3,0,1231,0.0,261.54299188942275
weichao,39,39,0,0,31,0.0,49.4868
weider,150,144,4,2,85,25.74,12.87
weifeng,6049,5757,215,77,3452,1288.21,16.73
weina,293,290,2,1,241,40.23,34.633023069679844
weiste,3246,3201,35,10,2122,52.120000000000005,6.156651546525777
weitai,1,1,0,0,1,0.0,36.01
welcos,12,12,0,0,8,0.0,9.415238095238095
wella,749,731,11,7,542,191.76,28.733138018967733
wellberg,24039,23404,482,153,13202,3454.2,22.542260400012978
welldone,8,8,0,0,6,0.0,17.25
wellneo,1864,1702,132,30,877,1003.1999999999999,41.63922141928656
welly,155130,151474,3274,382,86146,3274.71,7.794203997651865
welss,11389,11251,102,36,6735,2529.94,61.41616098557969
wenge,14915,14512,282,121,5839,3115.64,25.85599398970004
wengemotion,287,282,5,0,204,0.0,23.09
wenger,12,12,0,0,11,0.0,57.4
wensheng,200,195,4,1,101,10.27,9.507573701298702
wenyi,153,148,3,2,122,21.42,10.71
wera,17304,17266,36,2,9831,296.19,190.56739041522002
werner,195,195,0,0,187,0.0,14.125008012820512
wert,813,812,1,0,466,0.0,157.62047471004396
wess,427,413,0,14,290,46.76,5.182598763955343
westa,7697,7249,334,114,3190,7992.92,78.46084409653848
wester,878,872,5,1,507,39.1,39.57592462143628
westerndigital,600,581,14,5,348,758.31,214.13531832342113
westlake,5,5,0,0,4,0.0,234.24
westlike,15,10,4,1,5,57.66,57.66
westmark,216,213,3,0,160,0.0,14.573366104868912
westone,458,452,4,2,269,372.74,188.89977446524668
wethepeople,4169,4132,31,6,1888,2541.64,426.9459460374269
wetnwild,184,179,5,0,131,0.0,1.8
wh,109,106,3,0,74,0.0,1293.7481944444444
whirlpool,31507,30944,436,127,14966,65855.98,496.5446177685411
whistler,1942,1883,44,15,1156,742.4,45.38769082467161
whitewave,629,615,11,3,344,324.74,104.74984341857117
whito,57,53,2,2,34,33.46,16.73
wibtek,1113,1097,12,4,605,1076.76,262.0399291204082
wideway,16,15,1,0,13,0.0,80.31
widian,88,88,0,0,49,0.0,266.54
willmark,90849,84459,4921,1469,40991,31829.31,23.519820367121472
willmax,760,746,14,0,533,0.0,2.8307865375823766
wilmax,106,106,0,0,77,0.0,4.735714285714286
wilo,2005,1990,13,2,1010,831.6800000000001,383.0478205634451
wilson,3960,3862,80,18,1857,1204.3799999999999,81.29959641801415
winca,14321,14155,123,43,8170,14901.25,359.649498911337
wincars,5413,5292,98,23,2983,1280.54,55.406091977737375
wind,19,19,0,0,16,0.0,351.62
winda,237,222,13,2,144,167.1,71.88203556359252
wing,421,419,2,0,230,0.0,598.0437005177362
wingo,3817,3609,165,43,1665,8359.18,196.09305433529534
wingoffly,86564,83603,2117,844,27341,97590.13,115.4169970935354
winner,933,903,24,6,640,165.24,27.569158967104443
wintek,1302,1298,3,1,826,17.84,16.79039620400596
winx,13,13,0,0,12,0.0,7.069999999999999
winxclub,217,200,15,2,142,75.94,32.05341531578181
wiseson,834,820,13,1,578,61.01,61.01
witerra,12289,12160,110,19,5046,638.73,29.956292831916414
withings,922,920,2,0,677,0.0,177.78365760869565
wiwu,460,429,23,8,269,514.8,64.35
wize,57,57,0,0,48,0.0,321.6681891891892
wk,1239,1219,18,2,831,10.3,7.778075425069335
wltoys,115,115,0,0,68,0.0,33.727494285714286
woddon,1703,1642,51,10,840,234.87,24.583854127194755
wolf,191,188,3,0,124,0.0,841.1875308641976
wonderlab,3066,3007,36,23,1771,239.2,13.554591910079704
wonlex,141708,136538,3791,1379,48289,46916.94,34.29742096882767
woodcraft,1046,1010,24,12,716,643.5,55.682552264032225
work,250,247,1,2,184,109.5,143.12223302469135
worldpeacekeepers,54,54,0,0,42,0.0,34.22774774774775
wortex,7573,7345,167,61,4152,3338.02,54.76701178078737
worth,223,219,4,0,146,0.0,82.1298267609127
worwo,336,334,1,1,220,30.73,30.721084010840112
wotrex,237,226,7,4,124,205.84,51.46
wowwee,2935,2859,55,21,1663,1931.1000000000001,70.63549666643087
wsp,495,480,13,2,354,772.22,414.23168965517243
wster,12537,11996,421,120,4886,4253.99,35.8741279554153
wtflabz,179,174,2,3,101,89.19,29.73
wuben,151,151,0,0,97,0.0,52.18921791767554
wurth,8225,7944,236,45,3687,1308.01,44.63789885164998
wuw,7209,7033,155,21,4788,186.56,11.937926522378477
ww,3446,3370,53,23,2044,333.35,16.26707149422899
x-digital,655,631,18,6,405,196.49,24.855656548261024
x-foot,903,828,55,20,434,2110.8,105.54
x-game,87101,83349,3009,743,46051,17760.23,32.98870376303349
x-level,8337,8201,99,37,6272,494.19,14.839733941587307
x-race,4735,4523,176,36,3146,8384.74,223.26284569886113
xddesign,60,60,0,0,46,0.0,151.84
xdseries,3,3,0,0,3,0.0,1173.78
xerox,16571,16051,342,178,7338,25469.45,148.47344702403538
xgimi,4187,4055,104,28,2193,25174.55,807.021400725264
xiaomi,12930464,11999391,704345,226728,3207562,37034675.57,198.4524421077126
xiaoyueliangtoys,33,33,0,0,31,0.0,24.97
xieming,1128,1103,18,7,742,365.34000000000003,50.01487028382077
xigmatek,1083,1049,29,5,727,164.02,33.619642803806116
xing,12254,11788,361,105,5166,20277.92,195.92042922817816
xinyu,2095,2019,51,25,1307,299.18,11.481008893976934
xjewellery,2285,2262,18,5,1566,409.22,82.98834379506084
xkg,11,11,0,0,9,0.0,42.79375
xlmedia,209,203,4,2,166,17.91,10.806269320843091
xp-pen,15818,15091,535,192,6613,37480.84,251.41315824970255
xti,196,196,0,0,133,0.0,51.209394912494915
xtrembots,250,246,3,1,158,66.93,66.93
xun,547,532,10,5,432,237.85,47.57
xxr,3157,3128,26,3,2169,2777.01,1040.9574115703988
yacco,8873,8746,103,24,4396,714.79,118.19508820765074
yamaguchi,2600,2519,66,15,1521,1682.62,131.3833748552289
yamaha,206151,196915,6681,2555,79734,869351.11,431.4233766539484
yamato,5301,5207,73,21,3801,6337.44,362.91884875912785
yamatsu,3495,3196,206,93,1954,4778.04,51.47413367463475
yaole,23,23,0,0,17,0.0,43.24
yardforce,46,46,0,0,36,0.0,655.5404838709678
yasham,973,961,11,1,707,12.35,12.854895300511508
yasin,194359,186830,5263,2266,81754,551084.83,232.8081879614592
yato,17771,17445,229,97,11702,9950.08,73.7693258437137
yegam,785,767,13,5,452,17.23,3.664822062077878
yellow,39,38,1,0,33,0.0,53.170289855072454
yema,6519,6508,6,5,5525,243.25,48.65
yes,33,33,0,0,32,0.0,109.17566666666667
yh,1568,1524,29,15,1058,859.45,67.16249854773822
yika,1037,1013,16,8,491,432.48,50.47563624883287
yison,17,17,0,0,11,0.0,30.860000000000003
yjfitness,431,428,2,1,329,2344.98,2344.98
yoga,2938,2907,22,9,1423,532.8000000000001,59.2
yogasprout,23,23,0,0,20,0.0,7.1875
yokatta,730,715,13,2,547,632.71,359.57380132160387
yokito,131,115,10,6,81,77.99,13.08
yokohama,273017,254359,12786,5872,116174,530901.2,93.19559938050489
yokosun,122,112,7,3,57,38.61,12.820344827586206
yongnuo,146,144,1,1,105,561.99,477.8763725490196
yoobao,4,4,0,0,4,0.0,24.425
yoshioki,137,111,15,11,75,132.06,11.983448275862068
yota,140,134,0,6,96,172.45999999999998,27.90332075471698
yotrix,110,110,0,0,93,0.0,7.136346153846153
youngtoys,343,338,5,0,241,0.0,72.41249098934773
yoya,19805,19429,256,120,6590,9874.99,82.99181941131909
yoyofactory,97,96,1,0,53,0.0,12.450123114630468
yst,60,60,0,0,42,0.0,281.09
yuandong,522,519,2,1,258,353.29,354.61096000000003
yuka,269,257,11,1,116,154.44,103.20283730158731
yulu,549,545,3,1,450,23.16,20.102506998186996
yuneec,7,7,0,0,7,0.0,1048.43
yunteng,2597,2515,63,19,1335,1323.57,53.09094633145273
yusufhali,4739,4604,110,25,2628,4602.96,191.15718601955933
yvescamani,1,1,0,0,1,0.0,203.35
yvesrocher,5236,5059,159,18,2736,196.2,12.128193232755411
yvessaintlaurent,19289,18049,897,343,7836,18866.82,193.90824503673778
zabiaka,5,5,0,0,5,0.0,301.38
zadoor,379,379,0,0,271,0.0,43.5124
zaharov,149,135,10,4,75,25.76,6.592828336272781
zain,1153,1111,28,14,624,359.34,25.961370353603876
zajkami,173,166,7,0,121,0.0,16.613816865079365
zalman,9519,9336,134,49,4664,2278.14,49.94058282156098
zancaster,11,11,0,0,10,0.0,31.304444444444446
zangavar,18,18,0,0,18,0.0,22.68375
zanry,32,28,3,1,20,7.36,8.017222222222223
zanussi,10253,10040,169,44,5632,10538.39,327.3993841653893
zanzoon,57,57,0,0,43,0.0,45.3
zapco,598,588,5,5,384,1119.71,238.87282345813227
zapfcreation,7008,6871,105,32,4788,2316.73,77.33960470992665
zara,343,336,6,1,253,9.25,89.26750508946182
zarad,266,259,6,1,152,139.0,139.0
zarkoperfume,515,489,18,8,292,209.79,89.77928487791279
zass,19,19,0,0,10,0.0,54.029999999999994
zazu,2,2,0,0,2,0.0,38.59
zebratoys,3240,3229,11,0,2126,0.0,38.07332890828622
zeetex,2812,2714,60,38,1805,2117.7799999999997,51.89745887939143
zegan,3477,3390,67,20,1642,1005.85,44.51470159888005
zegor,250,238,9,3,136,65.36,22.97746832654484
zelenyjpogruznojnasos,381,381,0,0,261,0.0,1429.4169642642303
zelmer,24727,23885,608,234,10088,13429.11,66.36222402862029
zemex,6066,5959,83,24,2759,2543.92,155.2451918283594
zenecka,39,39,0,0,32,0.0,131.84481250000002
zengen,768,766,2,0,674,0.0,56.37
zenmart,206,202,3,1,150,94.47,99.18723443223443
zenzia,97,92,4,1,56,7.72,7.589821428571428
zephyr,918,876,39,3,567,108.12,36.04
zeppelin,17672,16979,524,169,8312,20453.39,285.2793305062758
zerten,996,973,21,2,597,195.58,167.0814624999244
zeta,239889,228944,8128,2817,95123,197945.34,70.51513913758147
zfts,2200,2157,35,8,1290,491.86,45.2819291729869
zhejiang,2714,2555,109,50,1750,2490.51,47.98443632606955
zhejiangjiajia,1777,1673,71,33,1031,6926.47,233.37343186123573
zic,1639,1616,15,8,965,151.88,18.090151901678702
zilli,15,15,0,0,14,0.0,1025.77
zilmer,2940,2795,110,35,1494,1035.61,28.18149664367139
zimakrasavica,6668,6283,319,66,4099,3667.8999999999996,50.72917830914497
zimneevolsebstvo,438,436,2,0,278,0.0,106.067601431217
zinc,678,673,2,3,405,58.59,19.95245353778966
zing,525,501,18,6,340,74.86,14.273555570201403
zinvo,3306,3263,31,12,1791,4633.32,410.41845444207553
zirafiki,119,114,4,1,75,24.07,22.367272817460318
zivojazyk,19,19,0,0,12,0.0,17.34
zlatek,14854,14392,300,162,6897,8034.36,46.13815592539018
zmi,582,554,23,5,412,204.64999999999998,55.92872368421053
zmonday,108,108,0,0,71,0.0,1045.8538653061223
zobo,1004,915,62,27,431,5693.28,223.33409514079048
zodiak,1,1,0,0,1,0.0,15.75
zoizoi,30,30,0,0,28,0.0,6.978076923076923
zolotoeruno,64,64,0,0,59,0.0,187.39
zongshen,3401,3357,36,8,1411,2383.85,305.13873948273715
zoom,664,660,2,2,451,344.92,170.83368421052631
zoomer,60,58,2,0,41,0.0,31.223307692307692
zoops,127,127,0,0,111,0.0,17.9684
zorg,471,467,3,1,224,239.9,226.8247099354019
zotac,3149,3087,40,22,2028,6005.4,260.83870900598293
zpao,12,12,0,0,5,0.0,815.98
zte,25526,24535,643,348,13616,27172.81,82.9750848722274
zubr,75767,73511,1814,442,37720,38130.2,145.8471654056828
zuru,769,740,21,8,549,116.31,26.36051292135784
zvezda,413,400,9,4,301,47.81,33.085455935593934
zwerg,47,47,0,0,33,0.0,29.430725806451612
zwilling,312,311,1,0,250,0.0,280.7420541353384
zwillingjahenckels,2127,2118,9,0,1476,0.0,901.9784826648012
zx,70,70,0,0,56,0.0,56.21157894736842
zyxel,1618,1610,7,1,882,38.53,244.85340337342916
